Temperature,Pressure,Flow_Rate,Concentration,Residence_Time,Catalyst_Type,Operation_Mode,Yield
187.45401188473625,7.2834554261777065,26.66196359547577,2.6435007471674687,19.393812605474828,Type_C,Continuous,79.78661585544067
245.07143064099162,5.824867297097083,58.77108526405223,2.447991200385682,18.58383394895999,Type_C,Semi-Batch,77.39470152771219
223.19939418114052,3.78574854657695,88.56512522887675,0.2256461224515349,54.844001928657015,Type_C,Continuous,71.59436101134956
209.86584841970367,8.324155177362538,75.9002397768605,1.7721143553681664,18.725040991722835,Type_C,Semi-Batch,89.66296633080603
165.60186404424365,7.162580552984913,82.59050330753047,1.9629585320507,19.957234937074706,Type_C,Continuous,71.20147112663358
165.59945203362025,2.463552454104022,69.29050300396456,2.0542316263948126,46.76690443298801,Type_A,Batch,69.30806201923987
155.80836121681995,9.198344660444583,72.30489080660672,2.9428446092139287,29.7356913347797,Type_C,Semi-Batch,71.59349845621198
236.6176145774935,8.402835186308522,86.42760864087873,2.7146524789617046,47.71908063253497,Type_C,Semi-Batch,83.36876588398621
210.1115011743209,9.548199219627316,32.470120797326736,3.078734954687879,8.595138666041189,Type_A,Continuous,98.06420028033195
220.80725777960456,7.531475575495239,54.04824672788264,3.847927981556429,31.816415652036138,Type_A,Semi-Batch,93.33239782253989
152.05844942958024,6.520736763422109,29.908849763764202,4.083630119708858,6.848748010080545,Type_A,Semi-Batch,76.38807598600795
246.99098521619942,4.76418732661557,98.89012071969823,3.618803073509823,8.4459261900445,Type_A,Batch,92.21157818614063
233.24426408004217,9.39455635018612,94.9653405717952,4.78206611017918,54.8540599339426,Type_A,Batch,94.63372993995965
171.23391106782762,8.794575005503674,13.54841302316553,0.189339655114172,12.658495411467733,Type_A,Continuous,74.76849020535435
168.18249672071005,1.4069680309557047,73.50176552641196,1.059312129849376,34.28313752513694,Type_C,Batch,56.44740597887612
168.34045098534338,1.2373027704752682,93.27234856740992,0.1370580873928964,27.61025814303886,Type_C,Continuous,60.11268416504213
180.42422429595376,4.388170301902447,26.25178106146002,3.272626099357555,24.103882944236346,Type_B,Continuous,86.34957017551474
202.4756431632238,8.294979977036496,61.11507074973665,4.500349689854936,54.490834012799986,Type_C,Continuous,91.12451974904248
193.1945018642116,9.8854851638345,92.39394678292376,1.2930632532238666,6.200286822651923,Type_C,Semi-Batch,82.94906016422989
179.1229140198042,2.3537520199317536,13.055138072721896,4.642469269501903,41.5084327396574,Type_A,Batch,70.35785267735321
211.18528947223794,6.347176438169216,72.76782405221559,0.39531021241884823,57.986693881745275,Type_A,Continuous,82.9950116503489
163.94938606520418,4.428017709679194,36.761410663529574,4.67873653134702,35.80925009040131,Type_C,Batch,70.0182859767323
179.2144648535218,9.72922958033143,93.19565758388774,1.822951167474209,56.52523541182005,Type_B,Continuous,84.6245139951537
186.63618432936917,8.579070308221379,97.39524206488309,0.596962059401161,7.874183360731307,Type_A,Batch,85.72392196436775
195.6069984217036,8.54495834240024,94.98398402020905,2.480771620012996,28.033632549078877,Type_C,Batch,84.14154251113929
228.51759613930136,5.218238438154732,52.67927949917174,1.358205181830489,19.308678502912812,Type_C,Continuous,80.12843638650861
169.96737821583596,4.733375521038987,87.58383858903821,1.495877219613422,45.19515307394014,Type_B,Semi-Batch,71.06799731517509
201.42344384136118,3.4606636473763563,86.00944586815633,1.6057208281388045,58.97133997734856,Type_B,Batch,67.55700310206576
209.24145688620425,1.507379469858344,38.71904259189301,4.034826899380051,19.10915343443363,Type_A,Semi-Batch,83.0077629881438
154.6450412719998,8.782501386295479,84.60239267356096,2.7418902557087472,40.979603081074096,Type_B,Semi-Batch,70.7933645260157
210.75448519014384,8.316109082170698,13.330687124394336,1.6254077258644182,15.895369801785707,Type_C,Continuous,82.37286476008138
167.05241236872916,9.997459059575176,63.66428906338477,3.0906355382235002,36.093164001438545,Type_C,Continuous,88.15620562005817
156.50515929852796,9.969731533665149,30.700795355893273,3.6091383036936486,30.516286767858492,Type_B,Continuous,77.78256649667668
244.88855372533334,5.998885350423647,20.851019719955094,1.4358576035943156,58.46029312973454,Type_B,Batch,69.97358341472378
246.56320330745592,7.9208867366245945,16.925788146628825,2.1263905974742228,38.46899999830566,Type_B,Continuous,83.01244704360032
230.8397348116461,9.502891568941852,72.66598982903258,0.697241857351043,24.222850464775032,Type_B,Continuous,89.1736460377039
180.46137691733708,8.646826516096702,40.58874673912595,0.9876318127199336,11.275268168836336,Type_A,Batch,82.13584570590523
159.7672114006384,3.226132915688779,75.22900943758853,3.437477484428416,13.3185755804214,Type_B,Batch,72.16390914577983
218.4233026512157,5.054897217790842,15.882070671904813,0.9890479037085721,17.39243114731793,Type_A,Continuous,87.81389327188973
194.01524937396013,2.162434736363455,38.37613040475493,2.673300579968595,18.80316637371639,Type_C,Continuous,71.30696716189384
162.20382348447788,9.586459245328502,58.55421631378035,3.5743266824399207,51.78388318126258,Type_B,Continuous,79.82304281377951
199.51769101112703,6.455571710057921,81.16508483550672,0.6236969231642449,35.86725335553887,Type_A,Continuous,81.5793160310548
153.43885211152184,3.0577852495311646,38.68772526388629,2.8798298761816277,33.78650012559015,Type_B,Semi-Batch,63.33749435577498
240.9320402078782,7.045306159652711,66.33022387933082,1.3571576401366827,11.312287952806962,Type_C,Semi-Batch,78.09181553023642
175.87799816000168,6.5631541641210625,89.73799734125684,4.818341688664141,52.30768313421892,Type_C,Continuous,80.5948186711457
216.2522284353982,4.223464462295564,65.42768693640741,2.4693736689276315,44.75478667646661,Type_C,Semi-Batch,76.36829622562956
181.1711076089411,2.022018329796661,30.96635272782704,4.049363493898275,8.721759904500086,Type_B,Batch,78.27214080380583
202.0068021177811,7.044158760335196,12.196070340088422,2.796110056565683,43.93093034763728,Type_B,Semi-Batch,82.80076189794227
204.67102793432798,5.68276930813414,88.3088986510837,0.31272141098861395,34.89460195384554,Type_A,Semi-Batch,78.55954520025495
168.4854455525527,7.950865525620754,11.914246976534843,3.20244174041071,9.494894016072804,Type_C,Continuous,76.21110571344992
246.95846277645586,5.68147151000794,88.72315054157795,4.761876376812619,30.206535284076104,Type_B,Semi-Batch,86.49460696319026
227.51328233611144,8.669633502866862,57.60434206244908,3.047897918717023,31.658295792152582,Type_C,Semi-Batch,82.25710171979486
243.9498941564189,5.9671615489703695,94.51609286616066,4.114025411191272,14.117599708980165,Type_C,Semi-Batch,86.818041502397
239.4827350427649,6.0484417438184765,81.89049121962988,4.432611670407198,57.013398085015524,Type_A,Semi-Batch,88.12523974433283
209.78999788110852,8.889882423925105,99.81406994800037,1.2175908825497692,51.74864543143641,Type_A,Batch,94.51936189348413
242.18742350231167,4.631345795911574,41.564063390653914,1.1390197155503108,41.79622855310096,Type_A,Continuous,79.6120238219986
158.84925020519194,2.2061370560557667,79.04694600380142,3.0938068453698597,30.426255855033396,Type_A,Continuous,67.63732586902489
169.5982862419145,1.2590440868200508,46.1737822248318,2.1140395020528535,27.647104787147967,Type_C,Batch,59.59827901495108
154.52272889105382,7.796235301062571,53.18880582735179,4.2153203840469295,40.80354069330248,Type_A,Semi-Batch,79.06116396458292
182.53303307632643,6.582785962181182,66.47549168965331,4.510113304650255,34.998752817379795,Type_A,Batch,92.69255474799199
188.8677289689482,7.336717912893012,88.63094027677049,1.831764758583319,8.425020823503708,Type_A,Semi-Batch,84.24046106451217
177.1349031773896,2.9166774535801965,98.56751222793656,1.2606657389749623,33.18764568236824,Type_A,Batch,68.26877573452035
232.87375091519294,2.2273432802809277,79.14460724780663,3.9245750246949234,49.35219894780617,Type_C,Continuous,84.78298135470419
185.67533266935894,1.1309019910109375,47.59901039506004,1.4465495741858672,30.25819326783269,Type_A,Continuous,74.68902261742838
178.09345096873807,4.155288029259372,47.922130204936316,4.130810160717024,7.857611765484762,Type_C,Continuous,76.64036633806361
204.26960831582485,6.309259181691698,76.38240714300024,2.176317442878938,48.24530096612182,Type_B,Semi-Batch,83.8972491202991
164.09242249747626,4.530196405897591,31.48994311914721,3.3709945065282056,16.07500801747859,Type_C,Semi-Batch,60.86217903177305
230.21969807540398,4.937274298213562,19.94267018182552,0.5681230377898742,19.224145918842133,Type_C,Batch,71.00489577010778
157.4550643679771,9.137428250443735,41.91599418766989,3.156910690915208,14.058849438776274,Type_A,Batch,78.626073687308
248.68869366005174,4.134299203209704,35.85150924886736,2.313661625812423,23.161828567932364,Type_B,Continuous,80.6680630874349
227.22447692966574,5.625905402438297,36.66773084103911,2.974381469559823,46.621332812874925,Type_B,Semi-Batch,77.79096541349179
169.87156815341723,8.052877114670288,31.024697594491894,0.9232696179498308,33.56622227271656,Type_B,Batch,69.94842593679931
150.55221171236025,4.568885040891431,13.78838706727257,3.710681350226493,16.26847007828919,Type_B,Semi-Batch,61.80710830540877
231.54614284548342,6.598780302050861,11.608654126007243,4.32770567996182,53.28065429836224,Type_C,Semi-Batch,80.26988464739283
220.6857343847617,8.761273378720706,98.89501507624284,1.1620250204448008,53.3770020223341,Type_B,Continuous,84.25855634508991
222.90071680409875,9.54568561291878,48.49958203622761,0.5690013220487925,52.88181337753038,Type_C,Continuous,78.38821436466273
227.12703466859458,2.323661328361341,44.58939824437135,0.21582907162704834,18.13379162598466,Type_C,Semi-Batch,67.05426651231515
157.40446517340905,9.339288626453449,71.16825544237628,3.2456603521720035,29.818163929954345,Type_C,Semi-Batch,76.04492473673479
185.84657285442725,5.429046637715844,29.642849907855776,3.074760776835026,59.17443108774813,Type_B,Semi-Batch,77.25202943903396
161.58690595251298,3.324199494690625,95.49650655552028,2.778817322298943,47.46068619704947,Type_A,Semi-Batch,71.00969173437936
236.31034258755935,5.132221806144352,80.77105129739968,1.2365407709682796,6.49420816740579,Type_A,Continuous,87.7595652180508
212.3298126827558,9.820293177569294,18.046990208103356,2.015439379937022,8.586252519327063,Type_B,Batch,82.07804766587087
183.08980248526493,5.4335628459358265,47.58226982064355,3.0129340424122484,30.516225724678304,Type_A,Continuous,82.24793518244442
156.35583502860237,3.958764492587574,89.12064768059483,2.5341576084099304,55.00711132238581,Type_A,Batch,66.48584807463031
181.09823217156622,6.700607688850532,95.02588200622692,4.940149049052947,34.62859888739928,Type_C,Semi-Batch,92.9459296405832
182.5183322026747,3.1613105690037377,52.06613601248827,0.7685547875279923,32.37968794188596,Type_C,Batch,61.762495067472884
222.9606178338064,1.6827699529779752,65.2070250289637,3.5062083148332097,10.801053497614681,Type_B,Continuous,88.93797580524115
213.75574713552132,2.159917497195843,25.03305514828677,2.0811619637110317,41.12290575983617,Type_B,Continuous,77.80773294945395
238.72127425763267,2.152412550619952,99.20517635232788,2.1981781131355125,50.2156738330124,Type_A,Semi-Batch,80.78734938856954
197.22149251619493,2.3671242416106493,30.850453124509905,3.616229051725064,25.92310041291593,Type_C,Continuous,81.77672810680392
161.95942459383016,2.2494445538446914,94.84585967216131,3.4929371414894117,47.65865180089301,Type_B,Semi-Batch,70.09702884012144
221.3244787222995,6.767872703228932,68.46819840931316,4.9571543691407225,58.046215964544636,Type_B,Continuous,91.6038207589324
226.07850486168974,2.6369207595923037,64.69631153909732,0.7291320183252137,16.2071552520229,Type_B,Continuous,78.04111758500265
206.12771975694963,4.111005549914768,56.141965991485776,0.610137281982415,33.78312971571077,Type_B,Semi-Batch,79.06890205638125
227.09671799545612,9.071095689154106,30.760283054598283,3.649260203930832,20.792587694651655,Type_B,Batch,92.1124930608179
199.37955963643907,5.265654762365851,25.887522880495744,2.934095893331405,48.60699304686116,Type_B,Continuous,77.50024683969188
202.2732829381994,7.008019646689244,29.84375881631578,1.443387266143049,36.76763512346366,Type_A,Batch,76.45846172154627
192.75410183585495,2.5508788408146685,26.779443592982908,0.48915490804603445,39.902032965266706,Type_C,Continuous,65.49747826531434
152.54191267440953,2.730601169278037,80.16260262100779,0.5197254230225097,48.885278778874174,Type_C,Continuous,52.414081065244055
160.78914269933045,1.3678175463983098,41.51127332500571,4.4815352858541795,26.77837599643502,Type_B,Continuous,69.14089364070078
153.14291856867342,2.520415567649481,15.205840890705673,1.0401498911218403,55.329953762387376,Type_C,Continuous,53.85927876735434
213.64104112637804,3.5073130512876274,97.21923671267302,1.684520654366052,34.3165876985377,Type_C,Batch,75.06175881768607
181.43559810763267,2.5930943584907213,89.54072964670831,1.2106163709122415,13.68751525594414,Type_C,Batch,70.1452605077649
200.85706911647029,1.7983228038135004,93.49770548756916,1.8394818985764931,43.27445149928413,Type_B,Continuous,77.88276151326703
240.7566473926093,2.085722839905407,99.54170403817918,0.44017682945585757,48.629374274103995,Type_B,Continuous,76.3712102724249
174.9292229148875,5.147008912294532,25.650572429753858,2.643392975450525,22.421892238713966,Type_C,Batch,62.67495451347644
191.03829230356297,2.8570034656521326,45.661781701239285,0.43130156160185307,52.144859134931416,Type_C,Semi-Batch,62.77371268428323
225.55511385430486,4.278428749432679,78.24146281336822,4.021746888329572,54.83787901211715,Type_B,Semi-Batch,84.50564466714656
172.87981654916226,5.530755437693712,72.6418556248413,1.2451892013611219,20.22974680577949,Type_A,Batch,79.38307694326366
157.6979909828793,7.213553457664288,23.850631570586955,2.746058381562102,59.09368099933722,Type_C,Continuous,62.523436383503224
178.9751452913768,1.3538092585698904,83.42498124915559,4.412387529051145,12.739134042681712,Type_A,Continuous,78.65542073879938
166.12212872540044,8.194693590181384,30.19965146529946,3.2892991083312517,16.11086176213695,Type_C,Semi-Batch,76.68456986018285
242.9697652342573,6.6511035054181695,30.14358533403608,2.7114931541015435,15.132366158091436,Type_A,Semi-Batch,84.004765752646
230.8120379564417,1.7358312875398472,58.32769806040722,1.6892353902653408,54.169434050432876,Type_A,Batch,70.2479981498321
213.34037565104234,8.862207616960994,63.364594135753286,1.73170937398517,40.986090377872905,Type_A,Semi-Batch,86.68957923439292
237.14605901877178,9.287851604786319,62.20775870540301,3.380486080471132,13.365735577225008,Type_B,Batch,90.25473901286647
230.36720768991145,1.5497016386937736,18.233815365797938,4.971282869983721,29.217788010259195,Type_A,Semi-Batch,81.2575082493759
168.65700588860358,3.4918988333248335,88.97147763673424,3.3430120302619555,38.84139137883911,Type_A,Semi-Batch,70.3044491636454
239.25589984899779,8.255811518137552,33.90400383298355,2.8331387451131222,9.59052467441608,Type_A,Semi-Batch,92.94350236189078
203.93422419156508,7.734337213452926,21.656342915452377,3.6801875001723063,53.53290026240363,Type_C,Continuous,85.46338024497086
230.74401551640625,2.6606891742073957,89.98732718820794,2.3795075001902193,49.198194449284436,Type_A,Continuous,85.02039569411647
239.60912999234932,2.8841439100303927,96.0086348406778,0.39469747874384753,32.7863725467151,Type_C,Continuous,70.31206541612825
181.80034749718638,4.334248925122438,87.59148555389055,2.855254397801758,58.19196383925437,Type_A,Semi-Batch,78.50446068363149
161.0051924527677,5.360706866719192,82.85644672523902,4.792363894076363,27.976853860130483,Type_A,Batch,79.34209816971719
172.79351625419417,6.564292943772664,68.97177825751196,0.9589844175525323,59.12606754700738,Type_B,Batch,70.42115419007207
192.71077886262563,4.320222756127952,59.57716335482254,3.4810239650212624,41.73559993419949,Type_C,Batch,77.63990243941686
231.80147659224932,5.162812445198331,17.828808392026914,1.0845750744293767,39.90692002896678,Type_A,Batch,73.61549506046946
236.07305832563435,7.727238443203809,46.760789176362884,2.7255556539180983,14.127519241268175,Type_C,Continuous,85.90219089498518
150.69521305311906,1.330148826015381,43.54196653110826,0.5737146032689262,53.50602670675542,Type_C,Continuous,49.74441897317769
201.07473025775658,3.2719324990961867,33.37784053842935,2.3068175876651074,28.511932835633832,Type_B,Semi-Batch,80.94779434520139
191.74110031487788,7.420146272960972,75.10781023197265,3.805200311586706,13.922837318036365,Type_B,Semi-Batch,92.08295149947189
172.21078104707303,9.056861539184794,54.628816157089375,1.8031004687710124,5.693413598666747,Type_B,Batch,81.88996360056451
161.98653673336827,5.6050969790409955,17.294159431688314,3.358067449987369,35.78656260011104,Type_B,Continuous,70.66132617175073
183.7615171403628,5.789021367387841,29.81648817548302,3.9977048078696735,34.0069792167472,Type_B,Batch,82.72312732311894
244.2909703912519,1.9645481020579845,71.49328872936363,4.643171315449318,44.56444923030372,Type_B,Semi-Batch,81.45265334619418
182.32029320207553,5.026711301411092,16.851777354127016,1.2497462010917226,53.96419291597912,Type_B,Semi-Batch,65.55136361320692
201.8790621743366,5.793555398095209,86.60862226438918,2.05664798746561,9.367362155366624,Type_B,Batch,89.11440512621996
220.30189588951777,3.1822345327125667,54.56318743125769,0.8468384653190455,45.23230696871993,Type_A,Semi-Batch,78.81795241483016
186.3629602379294,3.4231890785444286,53.25279195939832,4.963169160576038,15.307656925367022,Type_C,Batch,77.84744760337934
247.17820827209607,4.395557467941604,63.31670061935658,4.642304742829047,52.199737923644015,Type_B,Continuous,81.73558455325185
246.24472949421113,1.1806407799995373,84.22128693326343,2.745789938374742,50.048493262391084,Type_B,Batch,73.63945581469322
175.1782295825364,3.8987124902486046,41.30282871119738,4.225963142444464,34.74365652420494,Type_C,Continuous,75.74977178202938
199.72485058923854,2.9030320629689017,71.02145373031573,2.652694088633007,44.06335392428213,Type_A,Continuous,82.9306987000337
180.08783098167697,3.9474761696012317,60.9158767596212,3.155569871213523,22.28925622510616,Type_C,Semi-Batch,75.86982109371574
178.48404943774676,2.077859186373261,34.03254431524792,0.5367097173684815,30.914234441304806,Type_C,Semi-Batch,66.9921935102462
153.68869473545328,9.014745526659055,89.07669877196422,3.8008250604343594,50.19002937407594,Type_B,Semi-Batch,78.31649900374101
210.95643339798968,6.342332081986438,81.76834194462353,0.7257960698126507,30.259585844526764,Type_C,Batch,77.97350340401316
200.26790232288616,7.111920872300407,69.26066511925829,4.147731388237389,24.678904592899297,Type_C,Batch,88.48042444155377
155.14787512499893,8.102541147466045,86.55235561848177,3.9319376295848913,32.181684598766495,Type_B,Semi-Batch,73.67379922774431
177.86464642366116,5.485979790361515,88.05647808638221,3.572849018940585,50.55370888404701,Type_B,Batch,79.05274801531014
240.82658859666537,1.7822825927868133,73.75266790435313,0.2771858645713344,23.436442605398,Type_B,Semi-Batch,77.83889486324271
173.95618906669725,5.83395887636693,85.33119955273048,1.5853289441321103,14.55688762246591,Type_B,Batch,75.52010044651219
164.4894872091223,6.281570062187912,72.77243155023552,1.3892515925631301,44.16077111819294,Type_C,Continuous,65.50452128535211
198.9452760277563,7.70895526765897,71.21266945842703,1.8646683966104438,50.4288016989445,Type_C,Continuous,78.75173621356915
248.56504541106005,4.884935916067114,65.67502403936659,0.5294494591428089,10.535061318794334,Type_A,Semi-Batch,76.72242524337024
174.20552715115005,2.148222725160074,77.74449756018771,4.6910933328522075,18.193076201576957,Type_A,Batch,78.10158211058558
217.21355474058785,3.55398315218852,24.274459476376634,2.813630979490644,12.808459436854665,Type_C,Batch,75.05527685078621
226.16196153287177,4.267740667587716,89.27836832790356,1.5970691222243156,24.136777637019165,Type_A,Continuous,82.60994020413732
173.76375439923996,6.8132551719844106,88.46591749707088,2.045209433663989,29.769303839797697,Type_C,Continuous,77.19591910996775
222.82163486118594,6.137004742020207,12.632255473110323,2.291292448473695,46.18544853298186,Type_A,Semi-Batch,83.9488335276942
186.77831327192533,4.204870533080616,84.32350755082864,3.042912233467025,40.81311716849208,Type_B,Continuous,78.35711937774239
213.23058305935794,9.878637239136816,21.598288072610067,2.6268291957128396,39.15107121131371,Type_A,Semi-Batch,93.75700926590521
213.35297107608946,6.451973374211985,40.16069688332277,4.605020668750645,24.380622063530993,Type_B,Continuous,92.29980741699737
203.57746840747586,3.1350411256239505,76.9157430662447,2.5351210662385686,51.279615419661795,Type_B,Continuous,82.61723884614011
159.02897700544082,1.9160422535836337,24.46839064434774,4.961574272634232,30.92079420689905,Type_B,Batch,63.691318997057884
233.5302495589238,2.375732252658988,83.6170321707156,4.271982292950969,58.850771590833496,Type_B,Continuous,84.96682666722671
182.0780064971736,3.213619555460573,84.89207601619677,1.1217015203509457,39.87781760626552,Type_A,Continuous,73.38181897154081
168.65185103998542,2.446132359336001,55.67209603847526,4.65991655175519,11.94456078604765,Type_C,Semi-Batch,75.87710469277457
154.0775141554764,2.679103216461752,10.574728454515022,0.6701953496388329,42.18976591414887,Type_B,Continuous,54.66899588359322
209.0892943188242,3.565856518244624,35.83343198574215,4.105503571606839,22.880720848743444,Type_A,Semi-Batch,87.92621848631534
217.75643618422822,2.560362357652793,65.5234226538168,1.9650541380352426,42.74799581773536,Type_B,Continuous,74.7408107026458
151.6587828927856,9.070888821637826,98.30675602246811,4.402074170180841,8.830263148932316,Type_A,Continuous,83.13254238329507
201.2093058299281,1.7221037109547799,66.86321743150015,4.353477781526506,14.618479044677766,Type_A,Semi-Batch,88.5289207762953
172.6495775197938,5.720602506132292,33.38232229577439,4.049034460576344,52.065549239818246,Type_A,Batch,73.18641996143644
214.51727904094497,4.693571442906954,67.06051327896502,3.971149137904601,17.49487563629332,Type_C,Semi-Batch,86.4578911645124
167.43664290049915,9.841407552177458,58.59868417442699,1.5929277815804,51.037261888361705,Type_A,Semi-Batch,73.58044820290363
219.0937738102466,2.008350119512471,80.18608556360293,0.4965044869511357,20.360184864992576,Type_A,Semi-Batch,81.67575097420522
188.67353463005372,4.580700391411675,19.628257494426258,2.0746028759492914,40.35850505322892,Type_C,Batch,64.87510274925353
243.67299887367346,9.72523389947832,78.49251122518253,0.9502701234338925,43.178281543040704,Type_C,Continuous,83.64005959226198
163.75209441459933,8.789564133045822,58.71399208084993,3.505260335622063,33.19601142297791,Type_A,Semi-Batch,83.34515936014996
184.10663510502584,8.353648638543518,96.66928034730952,1.7958886600351494,21.79208721832022,Type_C,Semi-Batch,80.15397018921546
161.34735212405892,3.3211254434044584,40.76849494348175,4.880489984213583,16.695440700410288,Type_B,Batch,73.41301360564698
242.4693618278563,2.5379882865105925,66.93597038205533,3.240763178992127,6.825414500933443,Type_B,Semi-Batch,82.88186255561622
237.7339353380981,7.017788979319879,93.88252949590157,4.1301547618083685,21.71705206823981,Type_C,Continuous,89.10479171272151
175.79416277151557,9.364383902148273,19.225875519161132,0.7493708964350573,40.923953479220565,Type_C,Batch,65.54696885810766
215.9984046034179,6.010866037125368,94.3505638512806,4.3238709631358505,56.60676501466655,Type_A,Continuous,87.06929758594644
231.7222200201216,6.144514205229099,71.9097150070732,4.621510233515632,52.91624652446786,Type_C,Continuous,86.95546068215974
205.52008115994624,3.5198118429425573,16.10533531946547,2.4866034022127863,47.13356270944164,Type_A,Batch,71.14034424622623
202.96505783560065,7.925436398727432,37.086721025213464,3.0706393949797897,48.364603878931426,Type_B,Semi-Batch,83.92356330387611
174.18522909004517,2.6833937370177106,73.73548797807534,3.847568024424678,41.57416969117974,Type_C,Continuous,72.22577946861897
159.31027678058993,3.913113127638193,16.061554132189453,0.9567092735760215,19.315777166130164,Type_A,Continuous,67.53982948675116
239.72157579533268,4.828927947547751,62.39534141586459,2.5625737746708683,54.895726688820645,Type_A,Continuous,81.79485200478236
240.04180571633304,5.568493408160095,41.129475125766106,2.053448836084334,41.89027715482087,Type_B,Continuous,78.35442963224418
213.31014572732678,3.181687591735722,65.88239659907293,0.8172325615950207,35.8242347039242,Type_C,Batch,73.27079040987928
183.90297910487007,2.033531422652832,14.116783043126157,1.9009186692285043,11.104420806741459,Type_B,Batch,70.1535705798815
184.92095746126608,6.495580381974693,88.43831255371387,0.43404431598891846,29.5880549093534,Type_A,Continuous,83.13008117330749
222.59556788702395,3.597674979162302,97.61400722596572,0.22647834405248624,30.319704916105945,Type_A,Semi-Batch,82.38836351694995
239.71102599525773,6.231143992803511,97.19900697571224,0.7623148168586316,52.55099852374685,Type_C,Continuous,72.7643789538424
238.70864242651174,2.389264437467821,77.46866485686323,4.819264046786952,35.065652110328365,Type_A,Semi-Batch,89.20489811840231
227.98755458576238,5.330260916693358,21.70776161175688,2.792694725885583,25.92203019337253,Type_C,Continuous,81.5054322186309
214.20316461542876,5.793304892964272,78.24368763361203,4.832528589650778,58.72401806808627,Type_B,Semi-Batch,84.75739742230493
158.4139964995049,1.4664118314018422,12.212822481292136,2.219239603817647,11.089632632947362,Type_C,Continuous,58.506261944526926
166.1628714094614,4.029438503745285,11.991119637609753,1.627899052117772,28.240163557156954,Type_C,Semi-Batch,61.411079093588036
239.85541885270794,2.209732092450768,39.12491972345872,2.5800951279171964,7.311357134427291,Type_A,Continuous,82.23847150721642
210.642905965959,1.5703747342549097,53.977887136419916,2.25360727430126,45.694726642181166,Type_A,Continuous,79.96937406598583
150.91970516166296,9.909642091509507,79.33666760270138,0.6177569528825452,55.49421037095328,Type_C,Semi-Batch,66.89303843724298
160.1471542866032,3.9011846047725065,71.49658389458547,3.240048941982011,20.402053125276918,Type_A,Batch,76.13775567883313
216.3501769108056,8.288870012691714,50.13124357390735,1.1585870942970382,52.20879222395165,Type_A,Semi-Batch,80.0217729900866
150.50615838462187,3.2917658928738747,34.62639996534993,3.135980978999365,21.072002675404377,Type_A,Batch,65.66264526020757
166.08080514174986,7.133524500015364,99.74120501419401,3.2859853527509517,55.09235889041534,Type_C,Continuous,79.58033707672703
204.8733789366586,7.842050739007179,48.356317201237566,0.8449217803303758,46.467904697823116,Type_A,Semi-Batch,83.46417048522228
219.18951976926934,6.360748665470599,50.62483218967079,0.40061317284227405,49.269872726279125,Type_C,Semi-Batch,76.85867634337933
215.19612595026007,5.244185696951425,24.726143907250226,3.9257317717353555,5.990360558024998,Type_A,Semi-Batch,95.83239747443918
172.426930946056,4.706568227325417,81.53285938749364,2.353022076469669,57.95456963907143,Type_B,Batch,73.4045596584883
221.2179221347536,4.139814398886958,72.43140032033398,0.38500259797683145,44.96690456386778,Type_A,Batch,77.70052479950745
173.72490874968,9.365762298230432,29.869265150988436,4.974844954131859,21.761310246237333,Type_A,Continuous,93.69641986906159
182.53996981592678,8.475574670089562,17.414294105425842,0.3831247488821965,50.616706567236584,Type_C,Batch,67.58656097327022
224.64914051180241,9.685242195998613,71.24493718672417,3.505672621406911,20.483665912821145,Type_C,Batch,89.8723596076575
214.96328990472148,2.1186750113699024,68.90600928530216,4.920026733790727,53.001461176137035,Type_A,Continuous,85.92503535269546
234.9223410494178,7.577807276832798,34.59335742983884,1.2719825106580356,11.191921472656535,Type_B,Semi-Batch,87.52141682598419
215.76128923003432,9.44506411138934,95.57772060253693,0.7970219065672612,43.70272876034377,Type_A,Semi-Batch,86.97727556437182
206.83086033354715,2.6310975954909415,23.59521026028102,0.6947862031699016,34.73841621547007,Type_A,Continuous,79.83770838860795
159.36747678280926,1.5984664063009975,48.91013209383417,1.5860482230812183,10.309395860749245,Type_B,Semi-Batch,64.3392093480317
186.77158030594336,7.670085843610531,94.9254328150839,0.5951244739521688,18.304160554236145,Type_C,Batch,73.50832948007185
176.52023676817254,6.170258018619207,47.775458523351006,3.4915905743012465,5.682221995252314,Type_A,Continuous,87.50031977462916
174.39896433790835,8.576458990824449,67.4673352897677,0.40522981083730725,30.782238100547822,Type_C,Continuous,67.81939428429024
247.30105547524454,2.2579513896366055,45.78349581665149,2.59616842793397,21.56958934180002,Type_C,Continuous,75.97380007409708
189.30977246667604,8.15740580673901,34.67936821138031,4.983814583879586,37.90966163637673,Type_B,Semi-Batch,90.01587169046412
239.20465551771133,2.8146458804297008,98.55798831638454,4.088454320579492,21.348079423973946,Type_B,Continuous,85.72158456017806
213.1138625997263,2.4729034857913406,46.84006056835387,3.1145752473319535,21.49555113288416,Type_C,Continuous,79.3133609652268
229.48113035416486,2.4783921813789362,90.4689283311221,1.6006427418543974,45.875625930238186,Type_A,Continuous,87.25972794810413
200.2637093105192,8.33117248208244,30.695914530197758,3.157089597829029,7.64785597880944,Type_C,Semi-Batch,83.94945127604518
207.6903884626359,6.986774986265801,29.1794233622575,2.682503173167093,54.6592247355593,Type_A,Batch,78.70193452243053
199.2517693818864,5.707588822922074,12.802067459606022,2.1878085810628205,51.87451309151498,Type_A,Continuous,84.16064473126607
169.52429877980444,4.229474357111522,68.65001428382965,0.7404808460269775,41.72925757745236,Type_B,Batch,71.28123681325933
222.2452115261505,8.894804867317974,43.1673709351385,4.444360654678287,37.62718635590613,Type_A,Semi-Batch,94.25970725086842
178.07723624408558,4.532005966803719,87.79224248556733,2.3039447792244805,54.07663739768087,Type_A,Semi-Batch,80.41559806943782
152.43159664314538,8.349394955244193,52.588891602240146,1.053650307921749,15.193159874079294,Type_C,Semi-Batch,68.88030559734312
214.54722959071677,4.952214177131966,97.13740851232495,1.9020208192987194,9.343303920495574,Type_B,Semi-Batch,84.44131371040353
167.71106794070488,4.392499864824169,26.697296413280903,2.129235787391743,18.173059345024598,Type_A,Batch,69.39729800825815
244.04585843529145,5.164118071026458,88.17608511600497,4.154935688277684,48.70180532851047,Type_A,Continuous,92.88273822064401
245.39285770025873,3.7124008674772786,79.89371675125676,3.6947104647508704,6.906864669956583,Type_B,Semi-Batch,90.48997641317943
241.48643902204486,7.72848442158626,79.38296601796468,3.8695939788425653,37.05437592959193,Type_C,Semi-Batch,87.69793369228238
187.01587002554444,5.5244835108323125,86.03049053051988,0.15405319570037135,59.749063390522046,Type_B,Batch,68.12299680962963
151.54566165288674,3.0899142563213555,78.4921591848699,2.139154591080832,52.06328516106467,Type_B,Batch,64.31627734205117
242.83185625877252,9.096171159471115,66.35982894682738,2.458586343013086,33.679512897397416,Type_A,Semi-Batch,88.05156146788927
192.81841483173145,4.455020992358903,21.81203899141488,0.19404215643297779,8.50025001076533,Type_A,Continuous,76.60361821677112
246.66548190436697,5.891975750025898,12.927356154212672,1.373084722850668,50.72554329121404,Type_C,Continuous,71.53396571321355
246.3619977089253,9.158248998680923,92.87630630341182,3.825420133298462,37.94381794974658,Type_A,Semi-Batch,98.69681177380443
235.300945546736,6.618141963225929,65.49852830686643,0.7718375580720954,11.321314838276177,Type_A,Batch,86.61057405966787
179.44488920695858,2.0520823663752767,81.68835618785587,2.7230196441176995,10.162150665284592,Type_B,Semi-Batch,78.17256263832417
188.50977286019253,9.458489112521276,53.3370116361295,1.154489172884464,55.029475069012584,Type_A,Semi-Batch,83.37561076408765
235.1136671516857,6.6493724776427605,20.557737006615504,0.15939179575507706,41.806014461594316,Type_C,Batch,69.46615102631554
181.69220051562777,4.014150531913775,21.26672129822954,1.2818871422377534,50.610773962421554,Type_B,Semi-Batch,68.9415350148926
166.94927466860923,2.2534486539704854,71.70087585060742,4.881781399059264,53.34383951552471,Type_C,Semi-Batch,61.50374499227384
205.68012624583503,8.146226703432664,48.72753054095164,4.02753184822665,36.447479362657724,Type_B,Semi-Batch,88.14581581846419
243.61547741607808,6.580654803356621,28.047225403030303,4.801925557173064,33.45954934652727,Type_A,Batch,87.76147614485913
219.6029796674973,5.801149827786894,54.24350920672932,2.490484815239176,28.67350756765446,Type_B,Continuous,81.77689406008692
207.00611700893649,9.045033247458619,15.778804336762068,0.6377073735197671,22.43206232851156,Type_B,Continuous,83.74581997511044
159.71764937707684,8.097374901020777,62.37742617229589,2.7850014959710956,28.902777847229146,Type_A,Batch,75.48398950034576
211.50072266991697,2.365073917594761,34.209406399158794,2.3264489393438086,47.5633810651586,Type_A,Continuous,83.85534901657799
249.00538501042632,3.805498610159934,81.78031905734693,4.237349705424118,38.10578870583224,Type_C,Semi-Batch,84.23510894581615
164.0084015236524,3.236402258330192,37.932576303121635,0.5806046458427985,54.08878094751653,Type_C,Continuous,55.872330270312894
201.83296523637367,7.695516633154092,50.969813417362104,2.4923815714067135,29.385900790855324,Type_A,Semi-Batch,87.63449846125921
237.73730719279553,1.3017919126220145,11.045848591729058,0.8352384570005229,38.38992682953147,Type_A,Continuous,71.05999664466935
224.07686177542044,6.129007163841849,16.5202199015103,1.6909120417612942,39.72191542005938,Type_A,Batch,77.9135483379031
219.7015740995268,7.862128171666215,45.32442007660163,3.7130496792002186,37.5433439268479,Type_B,Continuous,90.18427176942308
220.24840839871092,8.890890730855745,53.19449512454111,2.432488833906956,43.6448575197034,Type_B,Continuous,85.5581577710698
185.94911512197552,4.078735738443167,64.00184933073734,1.94185259721427,18.058840760614345,Type_B,Continuous,75.63663395594745
179.35918442644933,8.391315742048116,36.24963208383729,2.032933764993173,33.18000776501849,Type_A,Batch,81.65551592596276
230.93611554785136,1.995685632596865,72.54836975138883,2.3512891651893346,10.732364154459122,Type_C,Continuous,81.08857034752775
231.01133946791808,8.618070625610663,87.41101574702842,3.946581064801579,26.14812302046469,Type_A,Batch,93.04060603655637
236.70723185801037,2.147397960987842,80.18658900040148,4.471214975807149,31.82168877416954,Type_B,Semi-Batch,86.29792643640985
241.32405525564712,4.575585615043305,13.565694281352144,4.781139963869249,40.87233427500099,Type_B,Continuous,80.46996869151008
201.13423988609378,8.175658292015981,53.24562525320461,3.955826592650946,57.279207892241196,Type_A,Batch,88.46368468938995
200.15162946871996,2.349256846138964,19.44371605763574,1.6454937891652626,38.035808660159574,Type_A,Batch,75.11250447967554
229.82951789667752,3.0632625570937733,31.78405142762747,3.4718600598240568,45.89766538971079,Type_B,Continuous,79.12393769124338
214.99639307777653,7.500273115537596,98.79963339404318,2.2442553078714207,32.84463327223615,Type_B,Semi-Batch,90.0377770985572
220.19668772577035,7.480328828914669,22.824598861136188,1.347886048025651,39.87572172569822,Type_B,Batch,76.47967911207694
229.5792669436101,6.770328695967676,54.899933810622045,4.220270739187021,8.901271887357538,Type_A,Continuous,95.37777012985778
239.00053418175662,7.2455360002039,65.63401608863072,0.28828910991539247,18.991536946301586,Type_B,Semi-Batch,80.2090987974016
183.79951568515358,5.884519990128366,73.22184734896936,4.518633761463575,24.90192012628263,Type_B,Batch,82.2732513066251
187.5582952639944,3.266191530162575,60.36838151382227,2.3612395766611978,30.987134525358247,Type_C,Batch,70.8976383482597
159.3981939840869,4.111263941535275,10.87937626772653,3.2222872363605743,7.510681002631106,Type_A,Semi-Batch,66.36152997831319
207.8280140996174,2.634379451212831,39.38151774195927,3.3308342188083357,12.701325365432472,Type_C,Semi-Batch,76.86064675388599
153.5942273796742,9.176055052002654,56.59404790462403,4.486076929462028,20.224786928521816,Type_C,Continuous,75.65034899949096
196.55980181324603,6.250526152895084,17.907984923035002,3.2196814426193163,58.434297999557785,Type_B,Continuous,78.51360703003097
204.26446347075768,4.607662750872759,41.55642380882627,3.108274565324303,23.224085390667792,Type_A,Batch,83.06223878567347
178.65412521282843,5.1580522327971945,12.98827979122299,0.4265949987473808,31.512258196164538,Type_B,Semi-Batch,67.35139794644776
209.08332605690106,9.525550056506338,17.072064743951866,2.6401993075315002,15.785374200611612,Type_A,Semi-Batch,92.33113984280044
153.05002499390494,2.380162628044722,45.72309485814365,0.8358281040035042,38.592903909167255,Type_C,Semi-Batch,54.95036768081877
153.73481887492144,6.276068488151175,21.94441786387543,3.7134254667352797,20.437576853378587,Type_A,Batch,68.5497698183177
232.26005606596584,5.5529981099601935,61.07867634354023,2.6098874119821054,16.38459181411347,Type_B,Semi-Batch,81.34091975889555
186.01906414112628,6.503088118911831,72.05184722235391,3.4331161181209318,33.41149456452885,Type_B,Semi-Batch,80.5870510181948
162.70605126518848,1.1629916543875645,82.05280291981745,0.3041972129516829,5.302818953823145,Type_B,Batch,60.81381095034166
202.22432600548044,8.849115180497364,28.01352198203291,0.5154808786244358,5.421521795707393,Type_A,Continuous,86.41096855304279
226.99935530986107,9.38906454235251,25.07343240331628,3.6099846015071435,17.048784500602178,Type_C,Continuous,86.89263311878395
171.5821027496843,6.086198652302881,19.411105630096024,0.45321324639349947,7.019674937545163,Type_C,Batch,61.59151643552529
212.28904758190004,7.26985741489203,67.2787224589273,0.4491579660497672,10.941416477188024,Type_A,Semi-Batch,85.4679207498957
158.5347464993768,9.302494430595662,73.5828153838211,0.15933152865094852,23.637335713631337,Type_B,Batch,69.84923825635545
155.16817211686077,7.3651477088205874,12.842753034307783,4.786856851667452,49.14221237688971,Type_C,Continuous,70.16596149957952
203.1354631568148,2.3728513862283522,94.25910216193208,3.7137909613491344,36.46267538531154,Type_B,Continuous,82.76768740679883
204.06351216101064,6.186595241501319,14.677415528632517,1.8309319016601147,33.1967249276029,Type_A,Batch,78.35229370077109
213.74299014982066,6.460435417445703,58.71667017709634,1.5530243483095107,21.14188527644669,Type_B,Batch,79.25939586083533
222.60913337226617,4.817176041721474,73.81544675058248,1.813545825754663,56.2464545688049,Type_C,Continuous,77.16765066609479
247.58520794625346,7.627998120622506,88.3872211371477,3.8958023027877915,26.83582726804554,Type_C,Batch,82.56726858492242
201.63003483011954,9.409303132921133,74.2678238919185,3.340715994245031,9.790102173767432,Type_B,Continuous,97.18561894554759
182.2956472941246,9.330116616160987,82.15552747628126,1.0074582825505929,38.93865838647907,Type_A,Batch,77.14659502172317
229.51861947687036,5.057554342637189,40.55051732885255,0.9531357431370133,11.261111641213077,Type_B,Batch,76.72538718205304
177.08322512620742,2.019142412566797,83.3342602371861,0.5821386835956469,23.987272854093064,Type_A,Batch,71.637419908365
193.8971420705636,9.863570790661012,17.210336174620764,3.3354833265365573,32.90765662947949,Type_B,Continuous,88.04906796068956
157.8456381342266,8.550082778013408,90.53349904544748,3.8454260448865063,53.08223885768467,Type_C,Batch,79.9594863547832
152.53507434154574,2.1219641308294017,59.28331385383626,1.39872749879252,32.14506191870653,Type_A,Continuous,63.48300717517275
246.2648414677925,9.28757694355635,83.55679929662443,0.20263030905147278,43.624232131741536,Type_A,Continuous,82.25339748136712
233.59801205122056,8.829067258559155,50.70864560664701,0.502641170634494,59.60492614494887,Type_A,Batch,79.64230773680289
219.5974206093698,5.669542514134649,67.92199256768725,4.84251417074065,12.23190159438899,Type_C,Batch,82.65116892498581
190.89529444142698,6.321478921704363,57.37623948425019,1.5476794096393596,20.110233903573572,Type_B,Continuous,81.58920026205666
167.32943200708456,4.591024334831173,75.84305695797987,3.869193424406855,26.701684157870552,Type_C,Continuous,72.75354509909937
165.6437042671086,1.492854749398282,17.34669838275306,3.1608514873858926,28.200549819635725,Type_A,Semi-Batch,70.51638697562932
175.02428981645954,4.016775174813109,15.431687559150742,1.9715042342991902,27.606159139605015,Type_B,Continuous,68.9855975079406
204.92266647061206,8.225681037382103,32.23929106091318,1.1078675847582202,54.918605140610524,Type_C,Semi-Batch,74.88827282845101
221.45959227000623,1.0416882070414257,24.359021210186953,0.6947934489810915,44.27179544567711,Type_A,Semi-Batch,68.90583109105665
216.01973767177313,4.001492545220298,88.46052099329815,3.113563543390447,38.43478677498871,Type_A,Semi-Batch,92.34380166880804
177.99338969459427,4.58351824231849,29.72925886222399,3.8957055251251616,22.015499482453016,Type_C,Batch,72.14913851467365
245.4865280663194,5.836560426441306,97.82787302372182,3.255130842351541,50.308471132171206,Type_C,Batch,84.72643444985128
223.78969166957685,9.278700547714845,40.320621259399616,2.698480452920876,57.52832813167439,Type_C,Continuous,85.73361359668269
205.43540525114008,4.1171139492936515,26.390612411982936,0.30556099481501775,50.16590554026246,Type_A,Semi-Batch,74.67425018780582
211.1720746234352,4.122578817066049,81.07286564282312,4.845595010212481,5.08608078553101,Type_C,Batch,88.45610493819382
191.960006242779,7.637511232987736,69.28369979507886,4.0136995391074155,40.00207536008739,Type_A,Batch,89.94978947024697
174.77309895011575,5.069961468008264,54.837614480782506,1.5348279798347275,7.81244597931554,Type_C,Batch,64.77888875070188
185.59726786512616,3.021443406459838,59.982719584386814,4.901854613858368,19.168397118354704,Type_A,Batch,83.458396782405
225.7846110464369,5.07195564519424,74.72816004450374,3.0492197892179784,8.273858519127444,Type_A,Batch,91.96015362535564
151.43934886297558,2.2677131834181985,30.560926719816884,2.9538710252155083,38.20874991221633,Type_B,Semi-Batch,58.28273490990232
161.6072640506916,2.58748287855601,99.67005244510678,3.7655585792047077,42.76244524209337,Type_C,Semi-Batch,63.76674290490287
154.60026420217528,5.4853099546553175,97.73138459321048,4.077671961641674,11.296820093624781,Type_C,Semi-Batch,73.17331942885376
154.07288023189702,4.770329045540931,68.52931177122431,3.316745175924363,26.111138567473873,Type_A,Semi-Batch,77.08241208449971
235.5460584011007,9.2336131096129,27.958820583623062,0.7276691571943802,30.09300799255481,Type_A,Continuous,89.31363208033997
220.36578593800238,4.261545092049698,71.22054181881622,1.7575107793730425,25.297916196850412,Type_A,Semi-Batch,84.15778290350252
197.41738290873252,6.225295152502391,16.497856808125825,4.647609837597644,11.656375026685618,Type_B,Batch,88.31830648751921
159.78341606510014,6.690378591275773,12.758725198522546,1.2006164980348746,28.042128460311147,Type_B,Semi-Batch,63.59124858773478
199.16158751168325,1.1178501092950026,33.19145996600923,1.9236184168038155,46.314792629463,Type_A,Continuous,69.34317451196729
197.34717707805657,6.971836348150395,51.636066106538465,2.2171767264265605,8.90542154932905,Type_C,Batch,77.86345976039466
167.32018699100152,2.6023237018277627,88.14452548675425,2.253084449502816,9.40990077450469,Type_C,Semi-Batch,74.47338426346084
193.3851649237973,9.649632857225097,75.44521627896772,3.1034039542231753,24.512421050979132,Type_B,Semi-Batch,89.83785726833575
189.85047343973736,2.3379645497780164,76.84358690799829,4.721071604949067,56.79491413904088,Type_B,Semi-Batch,78.4770906132403
211.58500980522166,4.731617113543214,48.29440010032678,1.2793942879792746,41.771495569760276,Type_A,Batch,77.4482710031282
213.50936508676438,1.7681470127077947,41.13414932922666,0.6953567438744985,42.32684761699107,Type_C,Batch,71.61092536259086
154.53040097720447,9.971868266613527,43.393488668614246,1.067605400313693,24.905599496082573,Type_A,Continuous,78.89712220615537
187.46126146264712,5.519755092981184,98.88846073624521,4.445932011025421,37.651343516469616,Type_B,Batch,91.93402836726767
212.58599157142365,6.358465155880394,13.609827227123423,3.26447298201051,5.557215121525886,Type_C,Batch,80.89793492160324
200.31362585800878,1.6036882964958474,88.03283465102037,1.5009432672718848,39.98528255252482,Type_C,Semi-Batch,72.83580737892949
235.64898411883223,7.7496442335926,62.080786771515406,4.098140000946224,55.23078211669302,Type_B,Batch,80.92260513521596
215.8693631618945,2.889150337860272,49.47538772706314,4.3207129821808365,38.691540758965054,Type_A,Semi-Batch,89.75441509331438
166.29344270814298,9.082488604966423,75.27318943736229,4.247920259582362,53.053422640648975,Type_A,Semi-Batch,80.29512772905733
157.05687474004299,2.8462567643380643,53.80020472822326,4.602740014833817,44.81851805063516,Type_C,Batch,63.53443926969819
214.24192782063156,2.716189485972999,88.60809142734945,1.335980998849472,11.630712902202964,Type_B,Continuous,79.14025005001065
152.6511310541622,1.328947010632854,91.06316776101326,3.799705450856764,54.63493190072129,Type_C,Continuous,59.38495335199344
208.57755812734632,5.248602505989993,47.95488341861099,2.3566435366432863,8.654411439567617,Type_B,Batch,80.04292231357479
244.02302414249576,6.083570199363548,34.914501751154646,4.225792909161301,34.36821099012701,Type_A,Continuous,86.38653361396956
207.5474177875879,1.5913777548551713,63.3115295734026,3.669604318091905,12.817541808640172,Type_B,Semi-Batch,80.87478527399756
188.8169926206522,7.9797485502550956,92.11270110550218,3.904592487848651,5.643863590199723,Type_A,Semi-Batch,94.10036039475688
214.32882184423534,5.079599512732249,28.95959701050999,3.315193004637251,28.211884307020146,Type_B,Batch,83.66678789489077
195.82528904915165,5.7195124239482205,66.06699252071346,0.9694009704015637,21.227238920978593,Type_C,Continuous,74.73035392515855
204.5616789315935,4.966864722444053,66.84041980832686,2.770631902594998,31.730027158868165,Type_A,Continuous,88.17914762783639
244.14648087765252,4.606867547877934,75.98017201737528,4.92488172367009,36.74599377040029,Type_C,Semi-Batch,86.87160263297491
188.61026378007742,6.036762981773961,21.841091661453383,4.693201525835883,7.405648976992104,Type_C,Batch,79.87980385176164
246.11905638239142,2.3971622133764123,74.42424682138797,0.3115513054053572,11.765181231806011,Type_A,Continuous,76.17297192017944
240.53506419560637,2.63735317445744,91.81292685990769,0.907592597074242,35.72533180477339,Type_A,Batch,76.09932562302407
169.57911347892963,8.756070589121656,26.171479798321776,0.7454709899273534,23.874204424496202,Type_C,Continuous,74.50091851143728
156.93613008751655,9.515039159202695,31.378899243148986,3.6573015589279483,45.10454181521964,Type_C,Semi-Batch,70.71833439637984
160.07780013774266,4.359783846517777,97.42555846374756,4.10714811629903,40.876040672556684,Type_C,Semi-Batch,69.23936482638777
151.82218256515498,3.436702058291984,26.28792574385408,1.1462056949222925,51.508239964444876,Type_C,Batch,50.88316155571499
159.44429607559283,6.795995889151142,86.89465840326213,2.5786781954639624,43.087105466807394,Type_A,Semi-Batch,71.95251681724363
218.3006773416357,4.678607539882868,54.30500708032313,4.21944483725488,28.646209256458146,Type_A,Continuous,92.92289982653594
157.1188648460229,1.2284772009431038,32.25079669628593,3.690727569354628,42.01316423169378,Type_C,Semi-Batch,59.54650339433498
181.89756302937613,2.4053733762957132,88.36749111452603,2.756962306910057,20.145964584048016,Type_B,Batch,75.20276551468316
234.48753109694547,7.443750059626578,50.077472950239894,2.9927036832479876,21.847242432801696,Type_B,Batch,82.93172610619183
152.32719357358258,6.930315477191362,56.333561853672116,2.590966679889772,48.394183795643634,Type_A,Batch,64.67052318723235
231.44684825889357,1.2438639325313514,42.33100324597891,1.557987411462221,29.55307340208702,Type_C,Continuous,72.9667380650807
178.18547747734,2.997749457396545,63.36557662914347,2.868607765009179,48.91091872850939,Type_C,Continuous,74.37934903902975
161.81648276216563,3.0796731692926427,24.717148532652047,3.475537980045445,50.23323055175531,Type_A,Continuous,66.7863641390846
219.67371653641507,7.047034692388555,45.197338298658465,4.379282287717958,52.16592857137061,Type_B,Continuous,89.65263049490179
212.8942846779884,1.1773948397892773,97.24710901017588,3.217827634498316,55.414937971266404,Type_B,Continuous,73.94864884665583
237.7472013527053,1.9369772378611647,33.23200894310148,3.8294955315114745,28.704187128231293,Type_B,Semi-Batch,76.4020851167183
223.50710438038857,8.199244768358703,69.1062998087163,0.8843510112774077,22.537675007662635,Type_A,Continuous,89.55628069755302
230.34809303848488,2.6069019584890025,39.267105780222536,2.3616316246569706,37.02093106267626,Type_B,Continuous,74.65242543480966
178.20345725713065,6.874714970666872,79.61258131179406,0.14572493715275717,25.414483289069516,Type_A,Semi-Batch,75.51629567117126
167.74395437797227,3.1436450294205387,21.778629464651484,1.308726436155953,38.059079174012815,Type_A,Continuous,65.15892906141912
225.06147516408583,1.8949725348341064,97.28389405706902,3.6596624040537242,43.80722244541035,Type_C,Batch,78.64094895349339
230.6834739267264,3.1885497189950867,50.841058724527535,4.959868761611881,42.86227601706753,Type_B,Continuous,84.38093980337787
249.0505142000673,7.500402386700932,31.244541701181756,0.585972687977358,25.600408786106673,Type_A,Continuous,74.1621212386277
191.26176769114267,8.701268212956572,16.614707259701138,2.0673221477203128,14.177311093431404,Type_B,Batch,74.86984481853193
187.20180857927832,8.471978781102925,25.27821145787867,4.020347746625882,28.679113615421414,Type_B,Batch,81.94410175975331
227.6412960741997,4.5746517665660935,56.77965537004159,1.0997746096816043,12.84267792450498,Type_C,Batch,77.07575442736022
184.0803540253018,7.012766229135815,40.33028587881577,2.819916251581203,53.95533693510946,Type_B,Batch,67.67652047452951
243.07573256035647,2.844858658742389,84.59950292943485,3.692049350545407,24.02326034058216,Type_C,Continuous,79.9226747711152
235.8412751843012,3.6383295723491194,48.779877129562536,3.1183287062748777,13.495286097282808,Type_A,Batch,82.19533164364763
192.89940273750184,9.067022366690077,32.384284532886696,1.0213211996155391,6.399626794816298,Type_B,Batch,85.87487391564078
225.08710677914974,1.1170173115966242,65.5430487943627,1.8413843865601234,40.520231245756634,Type_A,Semi-Batch,76.25055196339349
225.45428740846825,1.7695767776902127,73.60994951969013,3.940579743978447,40.02962746001088,Type_B,Batch,80.96648226845674
160.31238688359326,2.870976296314246,25.033771711085485,2.8157099192468817,23.733229161971042,Type_A,Batch,66.67065639332993
240.25529066795667,1.2387898348643773,25.08572946594859,0.1256251063602724,8.944153886620805,Type_B,Semi-Batch,62.770447862803834
200.52523724478573,2.632918915808176,13.300428424018868,3.8288547241376603,27.52958921923776,Type_B,Semi-Batch,80.16430249162921
232.64574661077415,6.247374048727229,76.27618135590765,0.2730256392071715,22.116962228486646,Type_B,Continuous,82.78175663304849
182.00496010306117,4.792820955332481,69.74240748596246,3.754095535383038,42.241635185425515,Type_B,Semi-Batch,81.1151307389955
239.55232284962005,9.034045399692774,52.71677881748325,1.0921547448096633,38.31785871989797,Type_B,Continuous,95.3546707961239
188.92016787341632,8.356992055645968,85.97534040722775,4.794560052584963,25.0526550508647,Type_B,Semi-Batch,86.4882324841094
151.08376514802984,4.076356165280884,82.51031376550479,1.9029096813802142,16.984090484024456,Type_B,Semi-Batch,70.20000528764471
240.53819764192636,3.3348109008816325,62.6818927957077,1.7019649200565878,59.34197813855755,Type_B,Continuous,73.79564791435797
159.12866767861337,4.417231673505402,88.14441524619328,0.829551446628979,29.97008916578632,Type_B,Semi-Batch,66.70429228873178
181.9313637590415,6.31265448263327,28.52570890330914,1.5974606559020532,42.855082967913035,Type_A,Continuous,77.44934548534037
245.0061967050805,3.4125727674058863,20.072765745795508,4.395588732958183,12.730413216809843,Type_C,Semi-Batch,77.06199219529309
245.0607146937556,6.617340170642207,34.277465036529065,4.982038254373512,31.70743348126688,Type_B,Batch,83.24614746156628
207.34378881232863,4.684704869721164,15.137817048038336,1.9047166994835572,6.5145195928206014,Type_C,Semi-Batch,77.59250165808322
213.18372121697993,5.968424627667822,57.80525752009288,2.298192091677259,32.80003148507475,Type_B,Continuous,80.1173290661171
194.84455219783197,4.92513876221785,94.29451230654654,3.638147597193412,58.02095739147363,Type_B,Semi-Batch,84.93622899793377
179.32107716980644,3.650191835877259,13.540918660165868,4.442359324278865,26.131369214219013,Type_A,Continuous,79.46780221476683
182.8664545369916,9.53607976265941,20.989892260902412,3.0059172375152428,7.144780691620137,Type_A,Continuous,86.50625707855077
217.25184560770384,7.872452147437848,50.697912545509176,2.018475921071364,6.702568500563894,Type_C,Batch,82.15362636708817
225.237452943768,2.261018581898073,94.04875157751144,2.1218470201582567,26.33927179707782,Type_A,Batch,86.06868240159163
229.15790437258485,8.816211783081215,38.45404944790755,3.508528917834354,13.801371505475672,Type_A,Continuous,93.78274618961909
228.96181427945538,5.386880784245623,55.65113278195532,0.11576949166096555,6.284365298050226,Type_C,Semi-Batch,77.63219794342776
159.12061030486905,9.050970042046822,13.741557314535289,3.1359877535532195,46.59174876725972,Type_A,Continuous,72.91546389124335
199.44203047025815,8.198697303525837,23.350888086587997,1.8419157511626514,30.218765488503987,Type_B,Continuous,85.33347932182704
155.75587600166443,4.8269215402231005,98.79671106629623,3.991566923257713,20.908462458495997,Type_C,Semi-Batch,73.703755591863
204.95288823237354,1.2022237748810567,96.86068267924409,0.5556541351333476,54.50457506590644,Type_C,Semi-Batch,74.09141193396142
194.1530501373377,3.4180962344645147,10.444598284096866,2.9821911080471137,11.387642811028908,Type_B,Semi-Batch,77.01119124053588
238.77041827582997,5.874707931947802,95.6630606880915,2.4567671604420065,57.57553559254256,Type_A,Semi-Batch,87.00690620548592
185.09150125520787,6.701303978435325,67.52079440339503,3.247395076935615,22.268169455754403,Type_C,Continuous,83.06880134517723
161.70670164276058,3.3209891688988207,88.112646506802,0.41778261296654495,53.86220197697747,Type_C,Continuous,63.889601564768356
164.2991682052836,2.254204666655417,50.92658700704732,2.9419205583978436,38.16185820637038,Type_B,Batch,62.62099287640489
226.15106317174724,8.514372131193692,56.40364257213252,2.8512744810016666,50.46890478578181,Type_B,Continuous,89.77793022511456
211.8218063316261,9.85961962633197,53.99619222312282,2.847234462639238,59.12072397657553,Type_A,Semi-Batch,89.26288273838078
160.11226761227903,5.731211640724172,70.01778317914939,3.0570895663226287,20.862299080031015,Type_C,Batch,68.79763897199966
158.41068061149974,2.5451135726347314,22.568612928068163,3.414692892409175,57.86245169741761,Type_A,Semi-Batch,63.834571016805725
220.096913145912,3.4507659386743206,12.697623088541015,4.044446098435772,26.42150421963312,Type_A,Continuous,86.28820798401772
157.27630063641936,1.1655160889272005,37.713694743207185,1.4221215286282505,26.203154760530726,Type_B,Batch,56.11779498001285
232.18600592903562,9.228689259044492,73.4212686462982,4.142742109882304,23.72129073399781,Type_C,Semi-Batch,92.05532029510786
220.62422271564964,2.05975974601127,28.166810691065354,2.541452843090923,34.777418404117185,Type_C,Batch,75.6498797030705
158.13487806419,6.188648279628282,70.60891899924256,0.4775855677582227,13.47797737481679,Type_C,Batch,66.17411960147255
158.4837714085192,3.466496986184854,97.29208414965434,0.3868995532954981,35.454131694690616,Type_B,Continuous,67.18150583405372
248.66395785011753,5.9876020226421405,18.451064421047654,1.7377677616106981,34.79376468255022,Type_B,Semi-Batch,73.58690775466171
187.42707957561203,6.862783495166778,70.53419064026136,3.9459951878461914,46.90459969326785,Type_B,Batch,79.98737264005929
187.06421470668909,8.467676233364815,49.93751973741141,3.5676365802304875,50.85074790656721,Type_B,Batch,84.76971334692635
231.27995672575025,2.8577914458454288,88.13280289397548,3.964213326894792,29.224274267183322,Type_B,Semi-Batch,87.64732292085387
244.72485773838588,1.0989624579263242,25.94348105026473,2.634618376563886,21.628328714332156,Type_C,Batch,72.84055775573592
248.6001063822871,2.2319706706192655,72.33633570035481,2.256975089981904,19.263419352440195,Type_A,Batch,76.49588298257609
225.33781852589416,9.100167776632945,85.43037606832992,0.8225173808607914,15.704311018767957,Type_C,Batch,83.20046450251414
187.62595855309158,8.865010698062637,95.0152797526621,1.7081444926856268,8.170617020946368,Type_A,Semi-Batch,86.30159930497564
158.35007166986688,6.376717919532775,71.49232254606812,2.226694894251989,23.834638835909235,Type_B,Semi-Batch,70.127274570982
227.7146915927437,6.40465174390288,54.74572876075846,0.5341421054301245,19.86362306719308,Type_A,Semi-Batch,86.51285516255345
205.8404249735805,6.9853300709163,65.60625161810924,1.1809985682849353,58.152956222652406,Type_C,Semi-Batch,74.54077226268164
192.42220092469762,2.5783415076110465,88.20144860308464,3.0313039409123204,35.673985443752414,Type_C,Continuous,79.77608711769834
240.6354385094736,9.229707513324637,61.35487719749467,3.7047492597720306,24.100237146677916,Type_A,Batch,92.04164714461402
161.11974823061513,4.768934724028658,12.734835372715317,4.991902805825453,36.92571805465328,Type_B,Semi-Batch,71.81429717251939
199.26251042908592,4.448246754245477,93.78538259562801,4.672255323583433,12.655818574013253,Type_B,Batch,85.7812676505425
151.1353644767419,5.670259347545538,72.0574075928405,3.2485694777224388,29.42240620612116,Type_C,Batch,64.2356391794467
196.86606419941262,1.4226937009754954,70.88620471995219,2.164115461140953,39.44288767815851,Type_A,Continuous,69.99929456333368
155.63032756818373,2.4965503188047147,29.410763715794545,3.2172690870703406,31.889380748584827,Type_B,Semi-Batch,61.723322937231195
161.8817916268072,7.642302547837334,69.29969232093916,3.9496929285931373,27.097834035987834,Type_B,Semi-Batch,73.70877921914251
161.7526246777105,1.7451880113261382,45.44779650887426,0.6798473355245979,59.6616613894834,Type_C,Batch,54.82325508489334
214.92103021160636,6.428368985197494,68.61096793373429,2.1085339595118127,53.41731191819098,Type_B,Semi-Batch,84.17251640082338
224.60448792654233,3.2081419871318886,19.593372727719164,4.215031199614525,39.287327698769204,Type_A,Batch,82.87194430446951
208.33687650971598,4.503660526377789,69.20607741427324,1.980781464471916,36.31575486502555,Type_C,Batch,80.42157617826777
246.21725484745417,3.598243630936299,99.94723531935999,2.9021741290132144,39.136326390352124,Type_C,Continuous,76.49392050974953
187.4870579523704,4.201054448184542,14.339083497450043,2.9800698682247715,16.07216593023383,Type_A,Continuous,86.70907652285956
178.57120862818607,7.471413146658209,97.94567657991855,1.003933640354833,26.732575879537524,Type_C,Continuous,81.09018243010553
236.85991281894604,3.6740954406085753,46.621716465058356,1.8749536640962132,7.1702743089994625,Type_B,Batch,77.45254009038197
172.35958385194527,6.097641762672074,88.36781053035332,1.7391053148354678,31.155032061775465,Type_B,Semi-Batch,79.52987452610203
246.32225394406112,5.284453619791897,80.4146935652446,0.2283638718071175,34.866352117671475,Type_A,Continuous,76.79325605284656
151.21544746898164,6.973040488263833,61.0314634888001,0.21853964306764073,17.52623548567653,Type_B,Semi-Batch,60.97432303404515
246.9878826707639,9.431467653922821,76.46042883261939,4.17531551401129,58.021586594103255,Type_A,Continuous,91.1307029405992
154.31599119505762,7.593148874892252,89.06640051712131,1.438046968866781,55.02000360154831,Type_A,Continuous,69.72010325679562
239.11431136980713,2.934463407316811,46.37262894859297,2.6385859545701957,44.71787795007482,Type_B,Batch,70.91958132073259
202.77011090863,1.2806482155515622,39.43298454069148,1.5637553105849882,34.33626458209494,Type_A,Continuous,79.91871939298976
249.29647961193004,3.360376398698426,70.08340470072262,4.7093283010651685,52.84830378062267,Type_B,Continuous,80.97609840525594
157.37965647353988,6.355701376302293,82.70613477471328,1.3705541184422916,12.18587891029046,Type_C,Batch,67.51261132014912
205.38542844013207,1.462832321358253,78.60566212989542,2.2053183824207823,48.478038685118676,Type_C,Semi-Batch,70.65938157511037
246.9302535619099,5.467296224811127,81.80322839727711,4.376378227374549,11.865144768176656,Type_A,Continuous,88.03026414035433
202.3097844170149,6.371585640252003,49.20249833316397,4.225474477279862,48.681586440217295,Type_B,Batch,84.35077346891885
212.93986381352624,4.008195017352648,83.60507945575195,1.011896947446759,20.167216253824634,Type_B,Continuous,76.34482964436624
219.57486889846172,7.938209833712397,20.81881498335476,4.032952217998981,53.23998195600039,Type_C,Batch,80.46402888645937
195.45410647677733,1.9593842782039461,59.00401881647646,2.3451157450156743,56.92231516039688,Type_C,Semi-Batch,65.32201972923585
212.75580800840635,1.6762400356222789,10.518279444830942,2.466547473218241,13.18377831728136,Type_B,Semi-Batch,81.6644943411558
208.43143119231001,7.55369880583243,39.21272469102433,0.7540518648381246,30.447158278596643,Type_A,Batch,84.41348357026233
240.11580104909888,5.459421845855786,42.98153813842581,0.4949474174099109,58.95430579894768,Type_C,Batch,67.68802922344456
154.54463803414578,7.195621567849624,45.655542244832986,3.6669026041714496,31.587408978523065,Type_A,Batch,76.5306991766655
178.09631895922303,4.913446047433716,72.5920486020876,2.532659646540969,52.495113738299985,Type_A,Semi-Batch,74.96618336601587
245.04114840765587,3.2176182991519613,44.97022911433112,2.24056844281438,37.380233717222595,Type_C,Continuous,74.8116290364804
239.02637838909163,8.371920859067798,50.38242603602776,3.6745903203967445,25.643144935578103,Type_A,Semi-Batch,92.55892899905206
195.5656752785713,8.194742910720812,31.378971778689472,3.851013205056438,20.71809555392286,Type_A,Batch,89.99205224739315
212.01325978015367,7.252268237689841,43.59266124664061,0.8786500215798325,16.177270009734798,Type_B,Batch,84.66294373420894
177.73811829811328,3.449306235069664,30.454266453683633,3.0901032324404425,46.89890052577335,Type_A,Semi-Batch,76.08351923232868
168.81211597237612,6.312076001821784,16.587633139159927,0.7632350031606591,26.259727875266535,Type_B,Batch,66.84929676058455
196.36984049399823,4.248765072460241,64.31037340432401,3.7817379215423244,33.120150421041316,Type_C,Semi-Batch,74.93600576762591
185.33522280260527,1.8242386599397074,70.13915186995146,3.319080265708984,32.077901400065,Type_C,Batch,68.85576440932583
208.3656111850872,9.255822179160186,65.7541311408653,4.787411643308944,36.75034660782222,Type_B,Continuous,95.30933235031888
157.77346369649848,2.2313676782706526,51.71446394205151,0.4378942801464638,52.606743009350375,Type_C,Continuous,54.07995037655521
247.43948076661667,9.552136184387223,44.18072021613068,0.37956813364114617,58.94066389708862,Type_A,Batch,74.46199615966948
248.62107444796027,5.014051956621602,87.70002846146427,1.4827166659966808,27.41713147155993,Type_A,Semi-Batch,89.52597177228695
