antecedents,consequents,antecedent support,consequent support,support,confidence,lift,representativity,leverage,conviction,zhangs_metric,jaccard,certainty,kulczynski
"frozenset({'Additive:BYK-333', 'Thickener:Xanthan', 'Solvent:Toluene'})","frozenset({'Resin:Acrylic_A', 'Pigment:TiO2'})",0.14,0.475,0.14,1.0,2.1052631578947367,1.0,0.07350000000000001,inf,0.6104651162790699,0.2947368421052632,1.0,0.6473684210526316
"frozenset({'Additive:BYK-333', 'Thickener:HEUR', 'Solvent:Toluene'})","frozenset({'Resin:Acrylic_A', 'Pigment:TiO2'})",0.11,0.475,0.11,1.0,2.1052631578947367,1.0,0.05775,inf,0.5898876404494382,0.23157894736842105,1.0,0.6157894736842106
"frozenset({'Additive:BYK-333', 'Thickener:Xanthan', 'Surfactant:Tego270', 'Solvent:Toluene'})","frozenset({'Resin:Acrylic_A', 'Pigment:TiO2'})",0.135,0.475,0.135,1.0,2.1052631578947367,1.0,0.07087500000000001,inf,0.6069364161849712,0.2842105263157895,1.0,0.6421052631578947
"frozenset({'Thickener:HEUR', 'Resin:Acrylic_A', 'Solvent:Toluene'})","frozenset({'Additive:BYK-333', 'Pigment:TiO2'})",0.11,0.485,0.11,1.0,2.061855670103093,1.0,0.05665,inf,0.5786516853932584,0.2268041237113402,1.0,0.6134020618556701
"frozenset({'Thickener:HEUR', 'Resin:Acrylic_A', 'Solvent:Toluene'})",frozenset({'Additive:BYK-333'}),0.11,0.53,0.11,1.0,1.8867924528301885,1.0,0.051699999999999996,inf,0.5280898876404494,0.20754716981132074,1.0,0.6037735849056604
"frozenset({'Pigment:TiO2', 'Thickener:HEUR', 'Resin:Acrylic_A', 'Solvent:Toluene'})",frozenset({'Additive:BYK-333'}),0.11,0.53,0.11,1.0,1.8867924528301885,1.0,0.051699999999999996,inf,0.5280898876404494,0.20754716981132074,1.0,0.6037735849056604
"frozenset({'Additive:BYK-333', 'Thickener:Xanthan', 'Solvent:Toluene'})",frozenset({'Resin:Acrylic_A'}),0.14,0.545,0.14,1.0,1.8348623853211008,1.0,0.0637,inf,0.5290697674418605,0.25688073394495414,1.0,0.6284403669724771
"frozenset({'Additive:BYK-333', 'Thickener:HEUR', 'Solvent:Toluene'})",frozenset({'Resin:Acrylic_A'}),0.11,0.545,0.11,1.0,1.8348623853211008,1.0,0.05005,inf,0.5112359550561797,0.20183486238532108,1.0,0.6009174311926605
"frozenset({'Additive:BYK-333', 'Pigment:TiO2', 'Thickener:Xanthan', 'Solvent:Toluene'})",frozenset({'Resin:Acrylic_A'}),0.14,0.545,0.14,1.0,1.8348623853211008,1.0,0.0637,inf,0.5290697674418605,0.25688073394495414,1.0,0.6284403669724771
"frozenset({'Additive:BYK-333', 'Thickener:Xanthan', 'Surfactant:Tego270', 'Solvent:Toluene'})",frozenset({'Resin:Acrylic_A'}),0.135,0.545,0.135,1.0,1.8348623853211008,1.0,0.061424999999999993,inf,0.5260115606936415,0.2477064220183486,1.0,0.6238532110091743
"frozenset({'Additive:BYK-333', 'Thickener:HEUR', 'Pigment:TiO2', 'Solvent:Toluene'})",frozenset({'Resin:Acrylic_A'}),0.11,0.545,0.11,1.0,1.8348623853211008,1.0,0.05005,inf,0.5112359550561797,0.20183486238532108,1.0,0.6009174311926605
"frozenset({'Additive:BYK-333', 'Solvent:Toluene', 'Thickener:Xanthan', 'Surfactant:Tego270', 'Pigment:TiO2'})",frozenset({'Resin:Acrylic_A'}),0.135,0.545,0.135,1.0,1.8348623853211008,1.0,0.061424999999999993,inf,0.5260115606936415,0.2477064220183486,1.0,0.6238532110091743
frozenset({'Solvent:Toluene'}),frozenset({'Pigment:TiO2'}),0.61,0.715,0.61,1.0,1.3986013986013988,1.0,0.17385,inf,0.7307692307692308,0.8531468531468531,1.0,0.9265734265734266
"frozenset({'Thickener:Xanthan', 'Solvent:Toluene'})",frozenset({'Pigment:TiO2'}),0.155,0.715,0.155,1.0,1.3986013986013988,1.0,0.044175000000000006,inf,0.33727810650887574,0.2167832167832168,1.0,0.6083916083916084
"frozenset({'Resin:Acrylic_A', 'Solvent:Toluene'})",frozenset({'Pigment:TiO2'}),0.46,0.715,0.46,1.0,1.3986013986013988,1.0,0.1311,inf,0.5277777777777777,0.6433566433566433,1.0,0.8216783216783217
"frozenset({'Thickener:HEC', 'Solvent:Toluene'})",frozenset({'Pigment:TiO2'}),0.22,0.715,0.22,1.0,1.3986013986013988,1.0,0.0627,inf,0.3653846153846154,0.3076923076923077,1.0,0.6538461538461539
"frozenset({'Surfactant:Tego270', 'Solvent:Toluene'})",frozenset({'Pigment:TiO2'}),0.535,0.715,0.535,1.0,1.3986013986013988,1.0,0.15247500000000003,inf,0.6129032258064517,0.7482517482517483,1.0,0.8741258741258742
"frozenset({'Additive:BYK-333', 'Solvent:Toluene'})",frozenset({'Pigment:TiO2'}),0.465,0.715,0.465,1.0,1.3986013986013988,1.0,0.132525,inf,0.5327102803738318,0.6503496503496505,1.0,0.8251748251748252
"frozenset({'Thickener:HEUR', 'Solvent:Toluene'})",frozenset({'Pigment:TiO2'}),0.135,0.715,0.135,1.0,1.3986013986013988,1.0,0.03847500000000001,inf,0.3294797687861272,0.18881118881118883,1.0,0.5944055944055944
"frozenset({'Thickener:CMC', 'Solvent:Toluene'})",frozenset({'Pigment:TiO2'}),0.1,0.715,0.1,1.0,1.3986013986013988,1.0,0.02850000000000001,inf,0.31666666666666676,0.13986013986013987,1.0,0.5699300699300699
"frozenset({'Thickener:Xanthan', 'Resin:Acrylic_A', 'Solvent:Toluene'})",frozenset({'Pigment:TiO2'}),0.145,0.715,0.145,1.0,1.3986013986013988,1.0,0.041325,inf,0.33333333333333337,0.20279720279720279,1.0,0.6013986013986014
"frozenset({'Thickener:Xanthan', 'Surfactant:Tego270', 'Solvent:Toluene'})",frozenset({'Pigment:TiO2'}),0.15,0.715,0.15,1.0,1.3986013986013988,1.0,0.042749999999999996,inf,0.3352941176470588,0.2097902097902098,1.0,0.6048951048951049
"frozenset({'Additive:BYK-333', 'Thickener:Xanthan', 'Solvent:Toluene'})",frozenset({'Pigment:TiO2'}),0.14,0.715,0.14,1.0,1.3986013986013988,1.0,0.039900000000000005,inf,0.33139534883720934,0.19580419580419584,1.0,0.5979020979020979
"frozenset({'Solvent:Toluene', 'Resin:Acrylic_A', 'Thickener:HEC'})",frozenset({'Pigment:TiO2'}),0.13,0.715,0.13,1.0,1.3986013986013988,1.0,0.03705,inf,0.3275862068965517,0.18181818181818182,1.0,0.5909090909090909
"frozenset({'Surfactant:Tego270', 'Resin:Acrylic_A', 'Solvent:Toluene'})",frozenset({'Pigment:TiO2'}),0.41,0.715,0.41,1.0,1.3986013986013988,1.0,0.11685000000000001,inf,0.4830508474576271,0.5734265734265733,1.0,0.7867132867132867
"frozenset({'Additive:BYK-333', 'Resin:Acrylic_A', 'Solvent:Toluene'})",frozenset({'Pigment:TiO2'}),0.43,0.715,0.43,1.0,1.3986013986013988,1.0,0.12254999999999999,inf,0.49999999999999994,0.6013986013986014,1.0,0.8006993006993006
"frozenset({'Thickener:HEUR', 'Resin:Acrylic_A', 'Solvent:Toluene'})",frozenset({'Pigment:TiO2'}),0.11,0.715,0.11,1.0,1.3986013986013988,1.0,0.03135,inf,0.3202247191011236,0.15384615384615385,1.0,0.5769230769230769
"frozenset({'Solvent:Toluene', 'Surfactant:Tego270', 'Thickener:HEC'})",frozenset({'Pigment:TiO2'}),0.18,0.715,0.18,1.0,1.3986013986013988,1.0,0.05130000000000001,inf,0.3475609756097562,0.2517482517482517,1.0,0.6258741258741258
"frozenset({'Additive:BYK-333', 'Thickener:HEC', 'Solvent:Toluene'})",frozenset({'Pigment:TiO2'}),0.13,0.715,0.13,1.0,1.3986013986013988,1.0,0.03705,inf,0.3275862068965517,0.18181818181818182,1.0,0.5909090909090909
"frozenset({'Additive:BYK-333', 'Surfactant:Tego270', 'Solvent:Toluene'})",frozenset({'Pigment:TiO2'}),0.42,0.715,0.42,1.0,1.3986013986013988,1.0,0.11970000000000003,inf,0.4913793103448277,0.5874125874125873,1.0,0.7937062937062938
"frozenset({'Thickener:HEUR', 'Surfactant:Tego270', 'Solvent:Toluene'})",frozenset({'Pigment:TiO2'}),0.115,0.715,0.115,1.0,1.3986013986013988,1.0,0.032775,inf,0.3220338983050847,0.16083916083916086,1.0,0.5804195804195804
"frozenset({'Additive:BYK-333', 'Thickener:HEUR', 'Solvent:Toluene'})",frozenset({'Pigment:TiO2'}),0.11,0.715,0.11,1.0,1.3986013986013988,1.0,0.03135,inf,0.3202247191011236,0.15384615384615385,1.0,0.5769230769230769
"frozenset({'Thickener:Xanthan', 'Surfactant:Tego270', 'Resin:Acrylic_A', 'Solvent:Toluene'})",frozenset({'Pigment:TiO2'}),0.14,0.715,0.14,1.0,1.3986013986013988,1.0,0.039900000000000005,inf,0.33139534883720934,0.19580419580419584,1.0,0.5979020979020979
"frozenset({'Additive:BYK-333', 'Thickener:Xanthan', 'Resin:Acrylic_A', 'Solvent:Toluene'})",frozenset({'Pigment:TiO2'}),0.14,0.715,0.14,1.0,1.3986013986013988,1.0,0.039900000000000005,inf,0.33139534883720934,0.19580419580419584,1.0,0.5979020979020979
"frozenset({'Additive:BYK-333', 'Thickener:Xanthan', 'Surfactant:Tego270', 'Solvent:Toluene'})",frozenset({'Pigment:TiO2'}),0.135,0.715,0.135,1.0,1.3986013986013988,1.0,0.03847500000000001,inf,0.3294797687861272,0.18881118881118883,1.0,0.5944055944055944
"frozenset({'Surfactant:Tego270', 'Resin:Acrylic_A', 'Thickener:HEC', 'Solvent:Toluene'})",frozenset({'Pigment:TiO2'}),0.115,0.715,0.115,1.0,1.3986013986013988,1.0,0.032775,inf,0.3220338983050847,0.16083916083916086,1.0,0.5804195804195804
"frozenset({'Additive:BYK-333', 'Thickener:HEC', 'Resin:Acrylic_A', 'Solvent:Toluene'})",frozenset({'Pigment:TiO2'}),0.11,0.715,0.11,1.0,1.3986013986013988,1.0,0.03135,inf,0.3202247191011236,0.15384615384615385,1.0,0.5769230769230769
"frozenset({'Additive:BYK-333', 'Surfactant:Tego270', 'Resin:Acrylic_A', 'Solvent:Toluene'})",frozenset({'Pigment:TiO2'}),0.385,0.715,0.385,1.0,1.3986013986013988,1.0,0.10972500000000002,inf,0.4634146341463415,0.5384615384615384,1.0,0.7692307692307692
"frozenset({'Additive:BYK-333', 'Thickener:HEUR', 'Resin:Acrylic_A', 'Solvent:Toluene'})",frozenset({'Pigment:TiO2'}),0.11,0.715,0.11,1.0,1.3986013986013988,1.0,0.03135,inf,0.3202247191011236,0.15384615384615385,1.0,0.5769230769230769
"frozenset({'Additive:BYK-333', 'Surfactant:Tego270', 'Thickener:HEC', 'Solvent:Toluene'})",frozenset({'Pigment:TiO2'}),0.115,0.715,0.115,1.0,1.3986013986013988,1.0,0.032775,inf,0.3220338983050847,0.16083916083916086,1.0,0.5804195804195804
"frozenset({'Additive:BYK-333', 'Resin:Acrylic_A', 'Solvent:Toluene', 'Thickener:Xanthan', 'Surfactant:Tego270'})",frozenset({'Pigment:TiO2'}),0.135,0.715,0.135,1.0,1.3986013986013988,1.0,0.03847500000000001,inf,0.3294797687861272,0.18881118881118883,1.0,0.5944055944055944
"frozenset({'Thickener:Xanthan', 'Solvent:Toluene'})","frozenset({'Surfactant:Tego270', 'Pigment:TiO2'})",0.155,0.555,0.15,0.9677419354838708,1.7436791630340012,1.0,0.06397499999999999,13.794999999999916,0.5047337278106508,0.26785714285714285,0.9275099673794849,0.6190061028770705
"frozenset({'Thickener:Xanthan', 'Solvent:Toluene'})",frozenset({'Surfactant:Tego270'}),0.155,0.615,0.15,0.9677419354838708,1.5735641227380013,1.0,0.054675,11.93499999999993,0.43136094674556213,0.24193548387096772,0.9162128194386254,0.6058221872541305
"frozenset({'Solvent:Toluene', 'Thickener:Xanthan', 'Pigment:TiO2'})",frozenset({'Surfactant:Tego270'}),0.155,0.615,0.15,0.9677419354838708,1.5735641227380013,1.0,0.054675,11.93499999999993,0.43136094674556213,0.24193548387096772,0.9162128194386254,0.6058221872541305
"frozenset({'Thickener:Xanthan', 'Resin:Acrylic_A', 'Solvent:Toluene'})","frozenset({'Additive:BYK-333', 'Pigment:TiO2'})",0.145,0.485,0.14,0.9655172413793106,1.9907571987202282,1.0,0.06967500000000001,14.935000000000114,0.5820802005012532,0.28571428571428575,0.9330431871442925,0.6270885175968718
"frozenset({'Thickener:Xanthan', 'Resin:Acrylic_A', 'Solvent:Toluene'})",frozenset({'Additive:BYK-333'}),0.145,0.53,0.14,0.9655172413793106,1.8217306441119068,1.0,0.06315000000000001,13.630000000000104,0.5275689223057645,0.26168224299065423,0.9266324284666183,0.6148340923877685
"frozenset({'Pigment:TiO2', 'Thickener:Xanthan', 'Resin:Acrylic_A', 'Solvent:Toluene'})",frozenset({'Additive:BYK-333'}),0.145,0.53,0.14,0.9655172413793106,1.8217306441119068,1.0,0.06315000000000001,13.630000000000104,0.5275689223057645,0.26168224299065423,0.9266324284666183,0.6148340923877685
"frozenset({'Thickener:Xanthan', 'Resin:Acrylic_A', 'Solvent:Toluene'})","frozenset({'Surfactant:Tego270', 'Pigment:TiO2'})",0.145,0.555,0.14,0.9655172413793106,1.739670705187947,1.0,0.05952500000000001,12.905000000000097,0.4972848788638262,0.25,0.9225106547849676,0.6088847468157814
"frozenset({'Thickener:Xanthan', 'Resin:Acrylic_A', 'Solvent:Toluene'})",frozenset({'Surfactant:Tego270'}),0.145,0.615,0.14,0.9655172413793106,1.5699467339500985,1.0,0.05082500000000002,11.165000000000086,0.42460317460317476,0.22580645161290325,0.9104343931930146,0.5965797589010374
"frozenset({'Pigment:TiO2', 'Thickener:Xanthan', 'Resin:Acrylic_A', 'Solvent:Toluene'})",frozenset({'Surfactant:Tego270'}),0.145,0.615,0.14,0.9655172413793106,1.5699467339500985,1.0,0.05082500000000002,11.165000000000086,0.42460317460317476,0.22580645161290325,0.9104343931930146,0.5965797589010374
"frozenset({'Additive:BYK-333', 'Thickener:Xanthan', 'Solvent:Toluene'})","frozenset({'Pigment:TiO2', 'Resin:Acrylic_A', 'Surfactant:Tego270'})",0.14,0.41,0.135,0.9642857142857143,2.35191637630662,1.0,0.0776,16.52000000000001,0.6683893195521102,0.3253012048192771,0.9394673123486681,0.6467770034843205
"frozenset({'Additive:BYK-333', 'Thickener:Xanthan', 'Solvent:Toluene'})","frozenset({'Resin:Acrylic_A', 'Surfactant:Tego270'})",0.14,0.425,0.135,0.9642857142857143,2.26890756302521,1.0,0.07550000000000001,16.100000000000005,0.6503014642549527,0.3139534883720931,0.9378881987577642,0.6409663865546219
"frozenset({'Additive:BYK-333', 'Pigment:TiO2', 'Thickener:Xanthan', 'Solvent:Toluene'})","frozenset({'Resin:Acrylic_A', 'Surfactant:Tego270'})",0.14,0.425,0.135,0.9642857142857143,2.26890756302521,1.0,0.07550000000000001,16.100000000000005,0.6503014642549527,0.3139534883720931,0.9378881987577642,0.6409663865546219
"frozenset({'Thickener:Xanthan', 'Surfactant:Tego270', 'Resin:Acrylic_A', 'Solvent:Toluene'})","frozenset({'Additive:BYK-333', 'Pigment:TiO2'})",0.14,0.485,0.135,0.9642857142857143,1.988217967599411,1.0,0.0671,14.420000000000007,0.5779500430663221,0.2755102040816327,0.9306518723994452,0.6213181148748159
"frozenset({'Thickener:Xanthan', 'Surfactant:Tego270', 'Resin:Acrylic_A', 'Solvent:Toluene'})",frozenset({'Additive:BYK-333'}),0.14,0.53,0.135,0.9642857142857143,1.8194070080862532,1.0,0.06079999999999999,13.160000000000005,0.5236864771748492,0.25233644859813087,0.9240121580547113,0.6095013477088949
"frozenset({'Resin:Acrylic_A', 'Solvent:Toluene', 'Thickener:Xanthan', 'Surfactant:Tego270', 'Pigment:TiO2'})",frozenset({'Additive:BYK-333'}),0.14,0.53,0.135,0.9642857142857143,1.8194070080862532,1.0,0.06079999999999999,13.160000000000005,0.5236864771748492,0.25233644859813087,0.9240121580547113,0.6095013477088949
"frozenset({'Additive:BYK-333', 'Thickener:Xanthan', 'Solvent:Toluene'})","frozenset({'Surfactant:Tego270', 'Pigment:TiO2'})",0.14,0.555,0.135,0.9642857142857143,1.7374517374517373,1.0,0.05729999999999999,12.460000000000004,0.4935400516795864,0.24107142857142858,0.9197431781701445,0.6037644787644788
"frozenset({'Additive:BYK-333', 'Thickener:Xanthan', 'Resin:Acrylic_A', 'Solvent:Toluene'})","frozenset({'Surfactant:Tego270', 'Pigment:TiO2'})",0.14,0.555,0.135,0.9642857142857143,1.7374517374517373,1.0,0.05729999999999999,12.460000000000004,0.4935400516795864,0.24107142857142858,0.9197431781701445,0.6037644787644788
"frozenset({'Additive:BYK-333', 'Thickener:Xanthan', 'Solvent:Toluene'})",frozenset({'Surfactant:Tego270'}),0.14,0.615,0.135,0.9642857142857143,1.5679442508710801,1.0,0.0489,10.780000000000005,0.421188630490956,0.217741935483871,0.9072356215213359,0.5918989547038328
"frozenset({'Additive:BYK-333', 'Thickener:Xanthan', 'Resin:Acrylic_A', 'Solvent:Toluene'})",frozenset({'Surfactant:Tego270'}),0.14,0.615,0.135,0.9642857142857143,1.5679442508710801,1.0,0.0489,10.780000000000005,0.421188630490956,0.217741935483871,0.9072356215213359,0.5918989547038328
"frozenset({'Additive:BYK-333', 'Pigment:TiO2', 'Thickener:Xanthan', 'Solvent:Toluene'})",frozenset({'Surfactant:Tego270'}),0.14,0.615,0.135,0.9642857142857143,1.5679442508710801,1.0,0.0489,10.780000000000005,0.421188630490956,0.217741935483871,0.9072356215213359,0.5918989547038328
"frozenset({'Additive:BYK-333', 'Solvent:Toluene', 'Thickener:Xanthan', 'Resin:Acrylic_A', 'Pigment:TiO2'})",frozenset({'Surfactant:Tego270'}),0.14,0.615,0.135,0.9642857142857143,1.5679442508710801,1.0,0.0489,10.780000000000005,0.421188630490956,0.217741935483871,0.9072356215213359,0.5918989547038328
"frozenset({'Surfactant:Tego270', 'Resin:Acrylic_A', 'Solvent:Toluene'})","frozenset({'Additive:BYK-333', 'Pigment:TiO2'})",0.41,0.485,0.385,0.9390243902439025,1.9361327633894898,1.0,0.18615000000000004,8.446000000000009,0.8195025313669382,0.7549019607843137,0.8816007577551505,0.8664194116167967
"frozenset({'Surfactant:Tego270', 'Resin:Acrylic_A', 'Solvent:Toluene'})",frozenset({'Additive:BYK-333'}),0.41,0.53,0.385,0.9390243902439025,1.771744132535665,1.0,0.16770000000000002,7.708000000000006,0.7382786704820602,0.6936936936936938,0.8702646600934095,0.8327197422917625
"frozenset({'Pigment:TiO2', 'Surfactant:Tego270', 'Resin:Acrylic_A', 'Solvent:Toluene'})",frozenset({'Additive:BYK-333'}),0.41,0.53,0.385,0.9390243902439025,1.771744132535665,1.0,0.16770000000000002,7.708000000000006,0.7382786704820602,0.6936936936936938,0.8702646600934095,0.8327197422917625
"frozenset({'Thickener:Xanthan', 'Solvent:Toluene'})","frozenset({'Resin:Acrylic_A', 'Pigment:TiO2'})",0.155,0.475,0.145,0.9354838709677418,1.9694397283531406,1.0,0.071375,8.13749999999998,0.5825341766986329,0.29896907216494845,0.877112135176651,0.6203735144312393
"frozenset({'Thickener:Xanthan', 'Solvent:Toluene'})",frozenset({'Resin:Acrylic_A'}),0.155,0.545,0.145,0.9354838709677418,1.7164841669132875,1.0,0.06052499999999998,7.052499999999982,0.4939808202407671,0.2612612612612612,0.8582063098192126,0.6007694584196507
"frozenset({'Solvent:Toluene', 'Thickener:Xanthan', 'Pigment:TiO2'})",frozenset({'Resin:Acrylic_A'}),0.155,0.545,0.145,0.9354838709677418,1.7164841669132875,1.0,0.06052499999999998,7.052499999999982,0.4939808202407671,0.2612612612612612,0.8582063098192126,0.6007694584196507
"frozenset({'Resin:Acrylic_A', 'Solvent:Toluene'})","frozenset({'Additive:BYK-333', 'Pigment:TiO2'})",0.46,0.485,0.43,0.9347826086956521,1.927386822052891,1.0,0.2069,7.8966666666666585,0.8910422049956933,0.8349514563106794,0.8733642887294216,0.910690273419991
"frozenset({'Resin:Acrylic_A', 'Solvent:Toluene'})",frozenset({'Additive:BYK-333'}),0.46,0.53,0.43,0.9347826086956521,1.7637407711238717,1.0,0.18619999999999998,7.206666666666659,0.8018949181739877,0.7678571428571428,0.8612395929694726,0.8730516817063165
"frozenset({'Solvent:Toluene', 'Resin:Acrylic_A', 'Pigment:TiO2'})",frozenset({'Additive:BYK-333'}),0.46,0.53,0.43,0.9347826086956521,1.7637407711238717,1.0,0.18619999999999998,7.206666666666659,0.8018949181739877,0.7678571428571428,0.8612395929694726,0.8730516817063165
"frozenset({'Thickener:Xanthan', 'Surfactant:Tego270', 'Solvent:Toluene'})","frozenset({'Resin:Acrylic_A', 'Pigment:TiO2'})",0.15,0.475,0.14,0.9333333333333336,1.964912280701755,1.0,0.06875000000000002,7.875000000000028,0.577731092436975,0.288659793814433,0.8730158730158735,0.6140350877192984
"frozenset({'Thickener:Xanthan', 'Surfactant:Tego270', 'Solvent:Toluene'})",frozenset({'Resin:Acrylic_A'}),0.15,0.545,0.14,0.9333333333333336,1.7125382262996944,1.0,0.05825000000000001,6.825000000000023,0.48949579831932777,0.25225225225225223,0.853479853479854,0.5951070336391439
"frozenset({'Pigment:TiO2', 'Thickener:Xanthan', 'Surfactant:Tego270', 'Solvent:Toluene'})",frozenset({'Resin:Acrylic_A'}),0.15,0.545,0.14,0.9333333333333336,1.7125382262996944,1.0,0.05825000000000001,6.825000000000023,0.48949579831932777,0.25225225225225223,0.853479853479854,0.5951070336391439
"frozenset({'Thickener:Xanthan', 'Resin:Acrylic_A', 'Solvent:Toluene'})","frozenset({'Additive:BYK-333', 'Surfactant:Tego270', 'Pigment:TiO2'})",0.145,0.425,0.135,0.9310344827586209,2.190669371196755,1.0,0.07337500000000002,8.337500000000023,0.6356941737058698,0.31034482758620696,0.880059970014993,0.6243407707910752
"frozenset({'Thickener:Xanthan', 'Resin:Acrylic_A', 'Solvent:Toluene'})","frozenset({'Additive:BYK-333', 'Surfactant:Tego270'})",0.145,0.435,0.135,0.9310344827586209,2.1403091557669445,1.0,0.07192500000000002,8.192500000000022,0.6231319038336584,0.303370786516854,0.8779371376258778,0.6206896551724139
"frozenset({'Pigment:TiO2', 'Thickener:Xanthan', 'Resin:Acrylic_A', 'Solvent:Toluene'})","frozenset({'Additive:BYK-333', 'Surfactant:Tego270'})",0.145,0.435,0.135,0.9310344827586209,2.1403091557669445,1.0,0.07192500000000002,8.192500000000022,0.6231319038336584,0.303370786516854,0.8779371376258778,0.6206896551724139
"frozenset({'Additive:BYK-333', 'Solvent:Toluene'})","frozenset({'Resin:Acrylic_A', 'Pigment:TiO2'})",0.465,0.475,0.43,0.9247311827956988,1.946802490096208,1.0,0.209125,6.974999999999986,0.9090415127146275,0.8431372549019608,0.8566308243727596,0.9149971703452178
"frozenset({'Additive:BYK-333', 'Solvent:Toluene'})",frozenset({'Resin:Acrylic_A'}),0.465,0.545,0.43,0.9247311827956988,1.6967544638453187,1.0,0.17657499999999998,6.044999999999987,0.7675505324929364,0.7413793103448275,0.8345740281224149,0.856861004241886
"frozenset({'Additive:BYK-333', 'Solvent:Toluene', 'Pigment:TiO2'})",frozenset({'Resin:Acrylic_A'}),0.465,0.545,0.43,0.9247311827956988,1.6967544638453187,1.0,0.17657499999999998,6.044999999999987,0.7675505324929364,0.7413793103448275,0.8345740281224149,0.856861004241886
"frozenset({'Additive:BYK-333', 'Surfactant:Tego270', 'Solvent:Toluene'})","frozenset({'Resin:Acrylic_A', 'Pigment:TiO2'})",0.42,0.475,0.385,0.9166666666666666,1.9298245614035088,1.0,0.18550000000000003,6.299999999999997,0.8307210031347962,0.7549019607843137,0.8412698412698412,0.8635964912280701
"frozenset({'Additive:BYK-333', 'Surfactant:Tego270', 'Solvent:Toluene'})",frozenset({'Resin:Acrylic_A'}),0.42,0.545,0.385,0.9166666666666666,1.6819571865443423,1.0,0.1561,5.459999999999997,0.6990595611285265,0.6637931034482758,0.8168498168498167,0.8115443425076452
"frozenset({'Additive:BYK-333', 'Pigment:TiO2', 'Surfactant:Tego270', 'Solvent:Toluene'})",frozenset({'Resin:Acrylic_A'}),0.42,0.545,0.385,0.9166666666666666,1.6819571865443423,1.0,0.1561,5.459999999999997,0.6990595611285265,0.6637931034482758,0.8168498168498167,0.8115443425076452
"frozenset({'Thickener:Xanthan', 'Solvent:Toluene'})","frozenset({'Pigment:TiO2', 'Resin:Acrylic_A', 'Surfactant:Tego270'})",0.155,0.41,0.14,0.903225806451613,2.2029897718332023,1.0,0.07645000000000002,6.096666666666673,0.6462383770076079,0.32941176470588246,0.835975943138327,0.6223446105428797
"frozenset({'Thickener:Xanthan', 'Solvent:Toluene'})","frozenset({'Surfactant:Tego270', 'Resin:Acrylic_A'})",0.155,0.425,0.14,0.903225806451613,2.125237191650854,1.0,0.07412500000000001,5.941666666666672,0.6265849535080305,0.31818181818181823,0.8316970546984574,0.6163187855787478
"frozenset({'Pigment:TiO2', 'Thickener:Xanthan', 'Solvent:Toluene'})","frozenset({'Resin:Acrylic_A', 'Surfactant:Tego270'})",0.155,0.425,0.14,0.903225806451613,2.125237191650854,1.0,0.07412500000000001,5.941666666666672,0.6265849535080305,0.31818181818181823,0.8316970546984574,0.6163187855787478
"frozenset({'Thickener:Xanthan', 'Solvent:Toluene'})","frozenset({'Additive:BYK-333', 'Resin:Acrylic_A', 'Pigment:TiO2'})",0.155,0.44,0.14,0.903225806451613,2.052785923753666,1.0,0.07180000000000002,5.786666666666672,0.6069315300084532,0.30769230769230776,0.8271889400921659,0.6107038123167157
"frozenset({'Thickener:Xanthan', 'Solvent:Toluene'})","frozenset({'Additive:BYK-333', 'Resin:Acrylic_A'})",0.155,0.455,0.14,0.903225806451613,1.9851116625310175,1.0,0.06947500000000001,5.631666666666671,0.5872781065088758,0.29787234042553196,0.8224326723882808,0.6054590570719603
"frozenset({'Pigment:TiO2', 'Thickener:Xanthan', 'Solvent:Toluene'})","frozenset({'Additive:BYK-333', 'Resin:Acrylic_A'})",0.155,0.455,0.14,0.903225806451613,1.9851116625310175,1.0,0.06947500000000001,5.631666666666671,0.5872781065088758,0.29787234042553196,0.8224326723882808,0.6054590570719603
"frozenset({'Thickener:Xanthan', 'Solvent:Toluene'})","frozenset({'Additive:BYK-333', 'Pigment:TiO2'})",0.155,0.485,0.14,0.903225806451613,1.862321250415697,1.0,0.06482500000000002,5.321666666666672,0.5479712595097213,0.28,0.8120889445662388,0.595942800133023
"frozenset({'Thickener:Xanthan', 'Solvent:Toluene'})",frozenset({'Additive:BYK-333'}),0.155,0.53,0.14,0.903225806451613,1.704199634814364,1.0,0.05785000000000001,4.856666666666671,0.4890109890109891,0.25688073394495414,0.7940974605353468,0.5836883749239197
"frozenset({'Solvent:Toluene', 'Thickener:Xanthan', 'Pigment:TiO2'})",frozenset({'Additive:BYK-333'}),0.155,0.53,0.14,0.903225806451613,1.704199634814364,1.0,0.05785000000000001,4.856666666666671,0.4890109890109891,0.25688073394495414,0.7940974605353468,0.5836883749239197
"frozenset({'Additive:BYK-333', 'Solvent:Toluene'})","frozenset({'Surfactant:Tego270', 'Pigment:TiO2'})",0.465,0.555,0.42,0.9032258064516128,1.6274338854984012,1.0,0.16192499999999993,4.5983333333333265,0.7206275033377836,0.6999999999999998,0.7825299021384556,0.8299912816041847
"frozenset({'Additive:BYK-333', 'Solvent:Toluene'})",frozenset({'Surfactant:Tego270'}),0.465,0.615,0.42,0.9032258064516128,1.4686598478888013,1.0,0.13402499999999995,3.9783333333333277,0.5964619492656875,0.6363636363636362,0.7486384583158773,0.7930763178599527
"frozenset({'Additive:BYK-333', 'Solvent:Toluene', 'Pigment:TiO2'})",frozenset({'Surfactant:Tego270'}),0.465,0.615,0.42,0.9032258064516128,1.4686598478888013,1.0,0.13402499999999995,3.9783333333333277,0.5964619492656875,0.6363636363636362,0.7486384583158773,0.7930763178599527
"frozenset({'Thickener:Xanthan', 'Surfactant:Tego270', 'Solvent:Toluene'})","frozenset({'Additive:BYK-333', 'Resin:Acrylic_A', 'Pigment:TiO2'})",0.15,0.44,0.135,0.9000000000000002,2.045454545454546,1.0,0.069,5.600000000000014,0.6013071895424836,0.29670329670329676,0.8214285714285717,0.603409090909091
"frozenset({'Thickener:Xanthan', 'Surfactant:Tego270', 'Solvent:Toluene'})","frozenset({'Additive:BYK-333', 'Resin:Acrylic_A'})",0.15,0.455,0.135,0.9000000000000002,1.9780219780219785,1.0,0.06675,5.450000000000013,0.5816993464052288,0.2872340425531915,0.8165137614678905,0.5983516483516484
"frozenset({'Pigment:TiO2', 'Thickener:Xanthan', 'Surfactant:Tego270', 'Solvent:Toluene'})","frozenset({'Additive:BYK-333', 'Resin:Acrylic_A'})",0.15,0.455,0.135,0.9000000000000002,1.9780219780219785,1.0,0.06675,5.450000000000013,0.5816993464052288,0.2872340425531915,0.8165137614678905,0.5983516483516484
"frozenset({'Thickener:Xanthan', 'Surfactant:Tego270', 'Solvent:Toluene'})","frozenset({'Additive:BYK-333', 'Pigment:TiO2'})",0.15,0.485,0.135,0.9000000000000002,1.855670103092784,1.0,0.062250000000000014,5.150000000000013,0.542483660130719,0.27,0.8058252427184471,0.5891752577319589
"frozenset({'Thickener:Xanthan', 'Surfactant:Tego270', 'Solvent:Toluene'})",frozenset({'Additive:BYK-333'}),0.15,0.53,0.135,0.9000000000000002,1.69811320754717,1.0,0.05550000000000001,4.700000000000011,0.4836601307189543,0.2477064220183486,0.787234042553192,0.5773584905660378
"frozenset({'Pigment:TiO2', 'Thickener:Xanthan', 'Surfactant:Tego270', 'Solvent:Toluene'})",frozenset({'Additive:BYK-333'}),0.15,0.53,0.135,0.9000000000000002,1.69811320754717,1.0,0.05550000000000001,4.700000000000011,0.4836601307189543,0.2477064220183486,0.787234042553192,0.5773584905660378
"frozenset({'Additive:BYK-333', 'Resin:Acrylic_A', 'Solvent:Toluene'})","frozenset({'Surfactant:Tego270', 'Pigment:TiO2'})",0.43,0.555,0.385,0.8953488372093024,1.613241148124869,1.0,0.14634999999999998,4.2522222222222235,0.666894508999772,0.6416666666666666,0.7648288476613536,0.7945212654514979
"frozenset({'Additive:BYK-333', 'Resin:Acrylic_A', 'Solvent:Toluene'})",frozenset({'Surfactant:Tego270'}),0.43,0.615,0.385,0.8953488372093024,1.4558517678200038,1.0,0.12054999999999999,3.67888888888889,0.5493278651173387,0.5833333333333334,0.7281787979462399,0.7606825486859521
"frozenset({'Additive:BYK-333', 'Pigment:TiO2', 'Resin:Acrylic_A', 'Solvent:Toluene'})",frozenset({'Surfactant:Tego270'}),0.43,0.615,0.385,0.8953488372093024,1.4558517678200038,1.0,0.12054999999999999,3.67888888888889,0.5493278651173387,0.5833333333333334,0.7281787979462399,0.7606825486859521
"frozenset({'Resin:Acrylic_A', 'Solvent:Toluene'})","frozenset({'Surfactant:Tego270', 'Pigment:TiO2'})",0.46,0.555,0.41,0.8913043478260868,1.6059537798668229,1.0,0.15469999999999995,4.093999999999994,0.6987353206865399,0.6776859504132229,0.7557401074743524,0.8150215432824126
"frozenset({'Resin:Acrylic_A', 'Solvent:Toluene'})",frozenset({'Surfactant:Tego270'}),0.46,0.615,0.41,0.8913043478260868,1.4492753623188404,1.0,0.1271,3.5419999999999954,0.574074074074074,0.6165413533834586,0.7176736307171085,0.7789855072463767
"frozenset({'Solvent:Toluene', 'Resin:Acrylic_A', 'Pigment:TiO2'})",frozenset({'Surfactant:Tego270'}),0.46,0.615,0.41,0.8913043478260868,1.4492753623188404,1.0,0.1271,3.5419999999999954,0.574074074074074,0.6165413533834586,0.7176736307171085,0.7789855072463767
"frozenset({'Resin:Acrylic_A', 'Thickener:HEC', 'Solvent:Toluene'})","frozenset({'Surfactant:Tego270', 'Pigment:TiO2'})",0.13,0.555,0.115,0.8846153846153847,1.593901593901594,1.0,0.04285,3.8566666666666687,0.42828585707146427,0.20175438596491227,0.7407087294727746,0.545911295911296
"frozenset({'Additive:BYK-333', 'Thickener:HEC', 'Solvent:Toluene'})","frozenset({'Surfactant:Tego270', 'Pigment:TiO2'})",0.13,0.555,0.115,0.8846153846153847,1.593901593901594,1.0,0.04285,3.8566666666666687,0.42828585707146427,0.20175438596491227,0.7407087294727746,0.545911295911296
"frozenset({'Thickener:HEC', 'Resin:Acrylic_A', 'Solvent:Toluene'})",frozenset({'Surfactant:Tego270'}),0.13,0.615,0.115,0.8846153846153847,1.4383989993746094,1.0,0.03505,3.336666666666669,0.35032483758120936,0.18253968253968256,0.7002997002997005,0.5358036272670419
"frozenset({'Additive:BYK-333', 'Thickener:HEC', 'Solvent:Toluene'})",frozenset({'Surfactant:Tego270'}),0.13,0.615,0.115,0.8846153846153847,1.4383989993746094,1.0,0.03505,3.336666666666669,0.35032483758120936,0.18253968253968256,0.7002997002997005,0.5358036272670419
"frozenset({'Pigment:TiO2', 'Resin:Acrylic_A', 'Thickener:HEC', 'Solvent:Toluene'})",frozenset({'Surfactant:Tego270'}),0.13,0.615,0.115,0.8846153846153847,1.4383989993746094,1.0,0.03505,3.336666666666669,0.35032483758120936,0.18253968253968256,0.7002997002997005,0.5358036272670419
"frozenset({'Additive:BYK-333', 'Pigment:TiO2', 'Thickener:HEC', 'Solvent:Toluene'})",frozenset({'Surfactant:Tego270'}),0.13,0.615,0.115,0.8846153846153847,1.4383989993746094,1.0,0.03505,3.336666666666669,0.35032483758120936,0.18253968253968256,0.7002997002997005,0.5358036272670419
frozenset({'Solvent:Toluene'}),"frozenset({'Surfactant:Tego270', 'Pigment:TiO2'})",0.61,0.555,0.535,0.8770491803278689,1.5802687933835475,1.0,0.19645,3.6193333333333353,0.9415288761083153,0.8492063492063493,0.7237060232086943,0.9205065721459164
frozenset({'Solvent:Toluene'}),frozenset({'Surfactant:Tego270'}),0.61,0.615,0.535,0.8770491803278689,1.4260962281753966,1.0,0.15985000000000005,3.1313333333333357,0.7661155044332616,0.7753623188405797,0.6806472216308285,0.8734839397574304
"frozenset({'Solvent:Toluene', 'Pigment:TiO2'})",frozenset({'Surfactant:Tego270'}),0.61,0.615,0.535,0.8770491803278689,1.4260962281753966,1.0,0.15985000000000005,3.1313333333333357,0.7661155044332616,0.7753623188405797,0.6806472216308285,0.8734839397574304
"frozenset({'Thickener:Xanthan', 'Solvent:Toluene'})","frozenset({'Additive:BYK-333', 'Pigment:TiO2', 'Resin:Acrylic_A', 'Surfactant:Tego270'})",0.155,0.385,0.135,0.870967741935484,2.2622538751571013,1.0,0.075325,4.766250000000004,0.6603111987727373,0.3333333333333333,0.7901914503016,0.6108085462924173
"frozenset({'Thickener:Xanthan', 'Solvent:Toluene'})","frozenset({'Additive:BYK-333', 'Resin:Acrylic_A', 'Surfactant:Tego270'})",0.155,0.395,0.135,0.870967741935484,2.204981625153124,1.0,0.07377500000000001,4.688750000000004,0.6467236467236467,0.3253012048192771,0.7867235403892298,0.6063699469171091
"frozenset({'Pigment:TiO2', 'Thickener:Xanthan', 'Solvent:Toluene'})","frozenset({'Additive:BYK-333', 'Resin:Acrylic_A', 'Surfactant:Tego270'})",0.155,0.395,0.135,0.870967741935484,2.204981625153124,1.0,0.07377500000000001,4.688750000000004,0.6467236467236467,0.3253012048192771,0.7867235403892298,0.6063699469171091
"frozenset({'Thickener:Xanthan', 'Solvent:Toluene'})","frozenset({'Additive:BYK-333', 'Surfactant:Tego270', 'Pigment:TiO2'})",0.155,0.425,0.135,0.870967741935484,2.0493358633776095,1.0,0.069125,4.456250000000003,0.6059609905763752,0.303370786516854,0.7755960729312765,0.5943074003795068
"frozenset({'Thickener:Xanthan', 'Solvent:Toluene'})","frozenset({'Additive:BYK-333', 'Surfactant:Tego270'})",0.155,0.435,0.135,0.870967741935484,2.002224694104561,1.0,0.06757500000000001,4.378750000000004,0.5923734385272847,0.29670329670329676,0.7716243220097062,0.5906562847608454
"frozenset({'Pigment:TiO2', 'Thickener:Xanthan', 'Solvent:Toluene'})","frozenset({'Additive:BYK-333', 'Surfactant:Tego270'})",0.155,0.435,0.135,0.870967741935484,2.002224694104561,1.0,0.06757500000000001,4.378750000000004,0.5923734385272847,0.29670329670329676,0.7716243220097062,0.5906562847608454
"frozenset({'Thickener:HEUR', 'Solvent:Toluene'})","frozenset({'Surfactant:Tego270', 'Pigment:TiO2'})",0.135,0.555,0.115,0.8518518518518517,1.5348682015348678,1.0,0.040075,3.0037499999999975,0.4028650414677054,0.19999999999999998,0.6670828131502287,0.5295295295295295
"frozenset({'Thickener:HEUR', 'Solvent:Toluene'})",frozenset({'Surfactant:Tego270'}),0.135,0.615,0.115,0.8518518518518517,1.3851249623607347,1.0,0.031975,2.598749999999998,0.3214375471223926,0.18110236220472442,0.615199615199615,0.5194218608852754
"frozenset({'Thickener:HEUR', 'Solvent:Toluene', 'Pigment:TiO2'})",frozenset({'Surfactant:Tego270'}),0.135,0.615,0.115,0.8518518518518517,1.3851249623607347,1.0,0.031975,2.598749999999998,0.3214375471223926,0.18110236220472442,0.615199615199615,0.5194218608852754
"frozenset({'Additive:BYK-333', 'Thickener:HEC', 'Solvent:Toluene'})","frozenset({'Resin:Acrylic_A', 'Pigment:TiO2'})",0.13,0.475,0.11,0.8461538461538461,1.7813765182186236,1.0,0.04825,3.4125,0.5041797283176594,0.22222222222222224,0.706959706959707,0.5388663967611336
"frozenset({'Thickener:HEC', 'Resin:Acrylic_A', 'Solvent:Toluene'})","frozenset({'Additive:BYK-333', 'Pigment:TiO2'})",0.13,0.485,0.11,0.8461538461538461,1.7446471054718478,1.0,0.046950000000000006,3.3474999999999997,0.4905956112852666,0.21782178217821782,0.7012696041822255,0.5364789849325932
"frozenset({'Solvent:Toluene', 'Resin:Acrylic_A', 'Thickener:HEC'})",frozenset({'Additive:BYK-333'}),0.13,0.53,0.11,0.8461538461538461,1.5965166908563133,1.0,0.0411,3.0549999999999997,0.42946708463949845,0.19999999999999998,0.6726677577741407,0.5268505079825835
"frozenset({'Pigment:TiO2', 'Thickener:HEC', 'Resin:Acrylic_A', 'Solvent:Toluene'})",frozenset({'Additive:BYK-333'}),0.13,0.53,0.11,0.8461538461538461,1.5965166908563133,1.0,0.0411,3.0549999999999997,0.42946708463949845,0.19999999999999998,0.6726677577741407,0.5268505079825835
"frozenset({'Additive:BYK-333', 'Thickener:HEC', 'Solvent:Toluene'})",frozenset({'Resin:Acrylic_A'}),0.13,0.545,0.11,0.8461538461538461,1.5525758645024699,1.0,0.03914999999999999,2.9574999999999996,0.409090909090909,0.19469026548672563,0.661876584953508,0.5239943542695836
"frozenset({'Additive:BYK-333', 'Pigment:TiO2', 'Thickener:HEC', 'Solvent:Toluene'})",frozenset({'Resin:Acrylic_A'}),0.13,0.545,0.11,0.8461538461538461,1.5525758645024699,1.0,0.03914999999999999,2.9574999999999996,0.409090909090909,0.19469026548672563,0.661876584953508,0.5239943542695836
"frozenset({'Resin:Acrylic_A', 'Solvent:Toluene'})","frozenset({'Additive:BYK-333', 'Surfactant:Tego270', 'Pigment:TiO2'})",0.46,0.425,0.385,0.8369565217391304,1.969309462915601,1.0,0.1895,3.526666666666665,0.9114959114959114,0.77,0.7164461247637051,0.8714194373401534
"frozenset({'Resin:Acrylic_A', 'Solvent:Toluene'})","frozenset({'Additive:BYK-333', 'Surfactant:Tego270'})",0.46,0.435,0.385,0.8369565217391304,1.9240379810094952,1.0,0.1849,3.465333333333332,0.8893698893698893,0.7549019607843137,0.7114274721046556,0.8610069965017491
"frozenset({'Pigment:TiO2', 'Resin:Acrylic_A', 'Solvent:Toluene'})","frozenset({'Additive:BYK-333', 'Surfactant:Tego270'})",0.46,0.435,0.385,0.8369565217391304,1.9240379810094952,1.0,0.1849,3.465333333333332,0.8893698893698893,0.7549019607843137,0.7114274721046556,0.8610069965017491
"frozenset({'Additive:BYK-333', 'Solvent:Toluene'})","frozenset({'Pigment:TiO2', 'Resin:Acrylic_A', 'Surfactant:Tego270'})",0.465,0.41,0.385,0.8279569892473118,2.019407290847102,1.0,0.19435000000000002,3.429374999999999,0.9435611117854111,0.7857142857142857,0.7084016766903588,0.8834906897456072
"frozenset({'Additive:BYK-333', 'Solvent:Toluene'})","frozenset({'Surfactant:Tego270', 'Resin:Acrylic_A'})",0.465,0.425,0.385,0.8279569892473118,1.948134092346616,1.0,0.187375,3.3421874999999983,0.9096977788566576,0.7623762376237624,0.7007947639083684,0.8669196710942442
"frozenset({'Additive:BYK-333', 'Pigment:TiO2', 'Solvent:Toluene'})","frozenset({'Resin:Acrylic_A', 'Surfactant:Tego270'})",0.465,0.425,0.385,0.8279569892473118,1.948134092346616,1.0,0.187375,3.3421874999999983,0.9096977788566576,0.7623762376237624,0.7007947639083684,0.8669196710942442
"frozenset({'Thickener:HEC', 'Solvent:Toluene'})","frozenset({'Surfactant:Tego270', 'Pigment:TiO2'})",0.22,0.555,0.18,0.8181818181818181,1.474201474201474,1.0,0.05789999999999998,2.447499999999999,0.41239316239316226,0.3025210084033613,0.591419816138917,0.5712530712530712
"frozenset({'Thickener:HEC', 'Solvent:Toluene'})",frozenset({'Surfactant:Tego270'}),0.22,0.615,0.18,0.8181818181818181,1.3303769401330376,1.0,0.04469999999999999,2.1174999999999993,0.3183760683760683,0.27480916030534347,0.5277449822904366,0.5554323725055432
"frozenset({'Solvent:Toluene', 'Thickener:HEC', 'Pigment:TiO2'})",frozenset({'Surfactant:Tego270'}),0.22,0.615,0.18,0.8181818181818181,1.3303769401330376,1.0,0.04469999999999999,2.1174999999999993,0.3183760683760683,0.27480916030534347,0.5277449822904366,0.5554323725055432
"frozenset({'Thickener:HEUR', 'Solvent:Toluene'})","frozenset({'Additive:BYK-333', 'Resin:Acrylic_A', 'Pigment:TiO2'})",0.135,0.44,0.11,0.8148148148148147,1.8518518518518514,1.0,0.0506,3.023999999999998,0.5317919075144508,0.23655913978494625,0.669312169312169,0.5324074074074073
"frozenset({'Thickener:HEUR', 'Solvent:Toluene'})","frozenset({'Additive:BYK-333', 'Resin:Acrylic_A'})",0.135,0.455,0.11,0.8148148148148147,1.7908017908017904,1.0,0.04857499999999999,2.942999999999997,0.5105097214923804,0.22916666666666663,0.6602106693849811,0.5282865282865282
"frozenset({'Thickener:HEUR', 'Pigment:TiO2', 'Solvent:Toluene'})","frozenset({'Additive:BYK-333', 'Resin:Acrylic_A'})",0.135,0.455,0.11,0.8148148148148147,1.7908017908017904,1.0,0.04857499999999999,2.942999999999997,0.5105097214923804,0.22916666666666663,0.6602106693849811,0.5282865282865282
"frozenset({'Thickener:HEUR', 'Solvent:Toluene'})","frozenset({'Resin:Acrylic_A', 'Pigment:TiO2'})",0.135,0.475,0.11,0.8148148148148147,1.715399610136452,1.0,0.045875,2.8349999999999977,0.4821334734629532,0.22,0.6472663139329803,0.5231968810916179
"frozenset({'Thickener:HEUR', 'Solvent:Toluene'})","frozenset({'Additive:BYK-333', 'Pigment:TiO2'})",0.135,0.485,0.11,0.8148148148148147,1.6800305460099272,1.0,0.044524999999999995,2.780999999999998,0.46794534944823957,0.21568627450980393,0.6404171161452712,0.5208094692630775
"frozenset({'Thickener:HEUR', 'Solvent:Toluene'})",frozenset({'Additive:BYK-333'}),0.135,0.53,0.11,0.8148148148148147,1.53738644304682,1.0,0.03845,2.5379999999999976,0.40409879138202837,0.19819819819819817,0.605988967691095,0.5111809923130677
"frozenset({'Thickener:HEUR', 'Solvent:Toluene', 'Pigment:TiO2'})",frozenset({'Additive:BYK-333'}),0.135,0.53,0.11,0.8148148148148147,1.53738644304682,1.0,0.03845,2.5379999999999976,0.40409879138202837,0.19819819819819817,0.605988967691095,0.5111809923130677
"frozenset({'Thickener:HEUR', 'Solvent:Toluene'})",frozenset({'Resin:Acrylic_A'}),0.135,0.545,0.11,0.8148148148148147,1.4950730547060818,1.0,0.036424999999999985,2.4569999999999976,0.3828166053599578,0.19298245614035087,0.5929995929995926,0.5083248386000678
"frozenset({'Thickener:HEUR', 'Solvent:Toluene', 'Pigment:TiO2'})",frozenset({'Resin:Acrylic_A'}),0.135,0.545,0.11,0.8148148148148147,1.4950730547060818,1.0,0.036424999999999985,2.4569999999999976,0.3828166053599578,0.19298245614035087,0.5929995929995926,0.5083248386000678
"frozenset({'Surfactant:Tego270', 'Solvent:Toluene'})","frozenset({'Additive:BYK-333', 'Pigment:TiO2'})",0.535,0.485,0.42,0.7850467289719626,1.618653049426727,1.0,0.16052499999999997,2.395869565217391,0.8219406041986687,0.6999999999999998,0.5826150077125487,0.8255130552076309
"frozenset({'Surfactant:Tego270', 'Solvent:Toluene'})",frozenset({'Additive:BYK-333'}),0.535,0.53,0.42,0.7850467289719626,1.4812202433433255,1.0,0.13644999999999996,2.1865217391304346,0.698668714797747,0.6511627906976744,0.542652614833963,0.7887497795803209
"frozenset({'Solvent:Toluene', 'Surfactant:Tego270', 'Pigment:TiO2'})",frozenset({'Additive:BYK-333'}),0.535,0.53,0.42,0.7850467289719626,1.4812202433433255,1.0,0.13644999999999996,2.1865217391304346,0.698668714797747,0.6511627906976744,0.542652614833963,0.7887497795803209
"frozenset({'Surfactant:Tego270', 'Solvent:Toluene'})","frozenset({'Resin:Acrylic_A', 'Pigment:TiO2'})",0.535,0.475,0.41,0.7663551401869158,1.61337924249877,1.0,0.15587499999999999,2.246999999999999,0.8175976921059533,0.6833333333333332,0.5549621717846015,0.8147565174618789
"frozenset({'Surfactant:Tego270', 'Solvent:Toluene'})",frozenset({'Resin:Acrylic_A'}),0.535,0.545,0.41,0.7663551401869158,1.4061562205264508,1.0,0.11842499999999995,1.9473999999999987,0.6211644374508258,0.6119402985074626,0.486494813597617,0.7593243590842835
"frozenset({'Solvent:Toluene', 'Surfactant:Tego270', 'Pigment:TiO2'})",frozenset({'Resin:Acrylic_A'}),0.535,0.545,0.41,0.7663551401869158,1.4061562205264508,1.0,0.11842499999999995,1.9473999999999987,0.6211644374508258,0.6119402985074626,0.486494813597617,0.7593243590842835
frozenset({'Solvent:Toluene'}),"frozenset({'Additive:BYK-333', 'Pigment:TiO2'})",0.61,0.485,0.465,0.7622950819672132,1.5717424370458004,1.0,0.16915000000000002,2.1665517241379315,0.9327267714364489,0.7380952380952382,0.5384370523635208,0.8605289842825757
frozenset({'Solvent:Toluene'}),frozenset({'Additive:BYK-333'}),0.61,0.53,0.465,0.7622950819672132,1.4382926074853077,1.0,0.1417,1.9772413793103454,0.7813620071684587,0.6888888888888889,0.4942448552493897,0.8198267862666255
"frozenset({'Solvent:Toluene', 'Pigment:TiO2'})",frozenset({'Additive:BYK-333'}),0.61,0.53,0.465,0.7622950819672132,1.4382926074853077,1.0,0.1417,1.9772413793103454,0.7813620071684587,0.6888888888888889,0.4942448552493897,0.8198267862666255
frozenset({'Solvent:Toluene'}),"frozenset({'Resin:Acrylic_A', 'Pigment:TiO2'})",0.61,0.475,0.46,0.7540983606557378,1.5875754961173427,1.0,0.17025,2.1350000000000007,0.9489966555183947,0.736,0.5316159250585482,0.8612597066436585
frozenset({'Solvent:Toluene'}),frozenset({'Resin:Acrylic_A'}),0.61,0.545,0.46,0.7540983606557378,1.3836667167995187,1.0,0.12755,1.8503333333333336,0.7109810479375697,0.6618705035971223,0.45955683660601704,0.7990675289517221
"frozenset({'Solvent:Toluene', 'Pigment:TiO2'})",frozenset({'Resin:Acrylic_A'}),0.61,0.545,0.46,0.7540983606557378,1.3836667167995187,1.0,0.12755,1.8503333333333336,0.7109810479375697,0.6618705035971223,0.45955683660601704,0.7990675289517221
"frozenset({'Surfactant:Tego270', 'Solvent:Toluene'})","frozenset({'Additive:BYK-333', 'Resin:Acrylic_A', 'Pigment:TiO2'})",0.535,0.44,0.385,0.719626168224299,1.6355140186915886,1.0,0.14959999999999998,1.9973333333333334,0.8356374807987711,0.6525423728813559,0.4993324432576768,0.7973130841121495
"frozenset({'Surfactant:Tego270', 'Solvent:Toluene'})","frozenset({'Additive:BYK-333', 'Resin:Acrylic_A'})",0.535,0.455,0.385,0.719626168224299,1.5815959741193384,1.0,0.14157499999999998,1.9438333333333329,0.7908113391984359,0.6363636363636364,0.4855526022464203,0.7828900071890725
"frozenset({'Pigment:TiO2', 'Surfactant:Tego270', 'Solvent:Toluene'})","frozenset({'Additive:BYK-333', 'Resin:Acrylic_A'})",0.535,0.455,0.385,0.719626168224299,1.5815959741193384,1.0,0.14157499999999998,1.9438333333333329,0.7908113391984359,0.6363636363636364,0.4855526022464203,0.7828900071890725
frozenset({'Solvent:Toluene'}),"frozenset({'Additive:BYK-333', 'Resin:Acrylic_A', 'Pigment:TiO2'})",0.61,0.44,0.43,0.7049180327868853,1.602086438152012,1.0,0.16160000000000002,1.897777777777778,0.9636255217650567,0.693548387096774,0.4730679156908665,0.8410953800298062
frozenset({'Solvent:Toluene'}),"frozenset({'Additive:BYK-333', 'Resin:Acrylic_A'})",0.61,0.455,0.43,0.7049180327868853,1.549270401729418,1.0,0.15244999999999997,1.8469444444444443,0.9090638044126413,0.6771653543307087,0.45856519777410143,0.8249864889209151
"frozenset({'Solvent:Toluene', 'Pigment:TiO2'})","frozenset({'Additive:BYK-333', 'Resin:Acrylic_A'})",0.61,0.455,0.43,0.7049180327868853,1.549270401729418,1.0,0.15244999999999997,1.8469444444444443,0.9090638044126413,0.6771653543307087,0.45856519777410143,0.8249864889209151
